<edmx:Edmx
    xmlns:edmx="http://schemas.microsoft.com/ado/2007/06/edmx"
    xmlns:m="http://schemas.microsoft.com/ado/2007/08/dataservices/metadata"
    xmlns:sap="http://www.sap.com/Protocols/SAPData" Version="1.0">
    <edmx:DataServices m:DataServiceVersion="2.0">
        <Schema
            xmlns="http://schemas.microsoft.com/ado/2008/09/edm" Namespace="ZHP_BAPI_DEMO_SRV" xml:lang="en" sap:schema-version="1">
            <EntityType Name="ZHP_BAPI_4" sap:content-version="1">
                <Key>
                    <PropertyRef Name="Notificat"/>
                </Key>
                <Property Name="PlannerGroup" Type="Edm.String" MaxLength="3" sap:label="Planner group" sap:creatable="false" sap:updatable="false" sap:sortable="false" sap:filterable="false"/>
                <Property Name="Plant" Type="Edm.String" MaxLength="4" sap:label="Planning plant" sap:creatable="false" sap:updatable="false" sap:sortable="false" sap:filterable="false"/>
                <Property Name="Notificat" Type="Edm.String" Nullable="false" MaxLength="12" sap:label="Notification" sap:creatable="false" sap:updatable="false" sap:sortable="false" sap:filterable="false"/>
                <Property Name="NotifType" Type="Edm.String" MaxLength="2" sap:label="Notifictn type" sap:creatable="false" sap:updatable="false" sap:sortable="false" sap:filterable="false"/>
                <Property Name="Funcloc" Type="Edm.String" MaxLength="40" sap:label="Functional loc." sap:creatable="false" sap:updatable="false" sap:sortable="false" sap:filterable="false"/>
                <Property Name="Equipment" Type="Edm.String" MaxLength="18" sap:label="Equipment" sap:creatable="false" sap:updatable="false" sap:sortable="false" sap:filterable="false"/>
                <Property Name="Customer" Type="Edm.String" MaxLength="10" sap:label="Customer" sap:creatable="false" sap:updatable="false" sap:sortable="false" sap:filterable="false"/>
                <Property Name="Descript" Type="Edm.String" MaxLength="40" sap:label="Description" sap:creatable="false" sap:updatable="false" sap:sortable="false" sap:filterable="false"/>
                <Property Name="PurchNo" Type="Edm.String" MaxLength="20" sap:label="PO Number" sap:creatable="false" sap:updatable="false" sap:sortable="false" sap:filterable="false"/>
                <Property Name="PurchDate" Type="Edm.DateTime" Precision="7" sap:label="PO date" sap:creatable="false" sap:updatable="false" sap:sortable="false" sap:filterable="false"/>
                <Property Name="SStatus" Type="Edm.String" MaxLength="40" sap:label="System status" sap:creatable="false" sap:updatable="false" sap:sortable="false" sap:filterable="false"/>
                <Property Name="UStatus" Type="Edm.String" MaxLength="40" sap:label="User status" sap:creatable="false" sap:updatable="false" sap:sortable="false" sap:filterable="false"/>
                <Property Name="Equidescr" Type="Edm.String" MaxLength="40" sap:label="Description" sap:creatable="false" sap:updatable="false" sap:sortable="false" sap:filterable="false"/>
                <Property Name="Funcldescr" Type="Edm.String" MaxLength="40" sap:label="Description" sap:creatable="false" sap:updatable="false" sap:sortable="false" sap:filterable="false"/>
                <Property Name="Notifdate" Type="Edm.DateTime" Precision="7" sap:label="Notif.date" sap:creatable="false" sap:updatable="false" sap:sortable="false" sap:filterable="false"/>
                <Property Name="Notiftime" Type="Edm.Time" Precision="0" sap:label="Notif. Time" sap:creatable="false" sap:updatable="false" sap:sortable="false" sap:filterable="false"/>
                <Property Name="Priotype" Type="Edm.String" MaxLength="2" sap:label="PriorityType" sap:creatable="false" sap:updatable="false" sap:sortable="false" sap:filterable="false"/>
                <Property Name="Priority" Type="Edm.String" MaxLength="1" sap:label="Priority" sap:creatable="false" sap:updatable="false" sap:sortable="false" sap:filterable="false"/>
                <Property Name="Completion" Type="Edm.DateTime" Precision="7" sap:label="Completn date" sap:creatable="false" sap:updatable="false" sap:sortable="false" sap:filterable="false"/>
                <Property Name="Startdate" Type="Edm.DateTime" Precision="7" sap:label="Req. start" sap:creatable="false" sap:updatable="false" sap:sortable="false" sap:filterable="false"/>
                <Property Name="Enddate" Type="Edm.DateTime" Precision="7" sap:label="Required End" sap:creatable="false" sap:updatable="false" sap:sortable="false" sap:filterable="false"/>
                <Property Name="PurchNoC" Type="Edm.String" MaxLength="35" sap:label="PO number" sap:creatable="false" sap:updatable="false" sap:sortable="false" sap:filterable="false"/>
                <Property Name="Scenario" Type="Edm.String" MaxLength="4" sap:label="Scenario" sap:creatable="false" sap:updatable="false" sap:sortable="false" sap:filterable="false"/>
                <Property Name="ExternalNumber" Type="Edm.String" MaxLength="40" sap:label="Functional Loc." sap:creatable="false" sap:updatable="false" sap:sortable="false" sap:filterable="false"/>
            </EntityType>
            <EntityType Name="ZHP_NOTI_DET_BAPI" sap:content-version="1">
                <Key>
                    <PropertyRef Name="Number"/>
                </Key>
                <Property Name="Number" Type="Edm.String" Nullable="false" MaxLength="12" sap:label="Notification" sap:creatable="false" sap:updatable="false" sap:sortable="false" sap:filterable="false"/>
                <Property Name="NotifNo" Type="Edm.String" MaxLength="12" sap:label="Notification" sap:creatable="false" sap:updatable="false" sap:sortable="false" sap:filterable="false"/>
                <Property Name="Planplant" Type="Edm.String" MaxLength="4" sap:label="Planning plant" sap:creatable="false" sap:updatable="false" sap:sortable="false" sap:filterable="false"/>
                <Property Name="LocAcc" Type="Edm.String" MaxLength="12" sap:label="Loc/AccAssmt" sap:creatable="false" sap:updatable="false" sap:sortable="false" sap:filterable="false"/>
                <Property Name="Equipment" Type="Edm.String" MaxLength="18" sap:label="Equipment" sap:creatable="false" sap:updatable="false" sap:sortable="false" sap:filterable="false"/>
                <Property Name="Assembly" Type="Edm.String" MaxLength="18" sap:label="Assembly" sap:creatable="false" sap:updatable="false" sap:sortable="false" sap:filterable="false"/>
            </EntityType>
            <EntityType Name="ZHP_WORK_DET_BAPI" sap:content-version="1">
                <Key>
                    <PropertyRef Name="Number"/>
                </Key>
                <Property Name="Number" Type="Edm.String" Nullable="false" MaxLength="12" sap:label="Order" sap:creatable="false" sap:updatable="false" sap:sortable="false" sap:filterable="false"/>
                <Property Name="Orderid" Type="Edm.String" MaxLength="12" sap:label="Order" sap:creatable="false" sap:updatable="false" sap:sortable="false" sap:filterable="false"/>
                <Property Name="OrderType" Type="Edm.String" MaxLength="4" sap:label="Order Type" sap:creatable="false" sap:updatable="false" sap:sortable="false" sap:filterable="false"/>
                <Property Name="Planplant" Type="Edm.String" MaxLength="4" sap:label="Planning plant" sap:creatable="false" sap:updatable="false" sap:sortable="false" sap:filterable="false"/>
                <Property Name="MnWkCtr" Type="Edm.String" MaxLength="8" sap:label="Main WorkCtr" sap:creatable="false" sap:updatable="false" sap:sortable="false" sap:filterable="false"/>
                <Property Name="Plant" Type="Edm.String" MaxLength="4" sap:label="Plnt WorkCenter" sap:creatable="false" sap:updatable="false" sap:sortable="false" sap:filterable="false"/>
                <Property Name="MnWkctrId" Type="Edm.String" MaxLength="8" sap:label="Work Center" sap:creatable="false" sap:updatable="false" sap:sortable="false" sap:filterable="false"/>
                <Property Name="Equipment" Type="Edm.String" MaxLength="18" sap:label="Equipment" sap:creatable="false" sap:updatable="false" sap:sortable="false" sap:filterable="false"/>
            </EntityType>
            <EntityType Name="ZHP_WORK_LIST_BAPI" sap:content-version="1">
                <Key>
                    <PropertyRef Name="Orderid"/>
                </Key>
                <Property Name="Orderid" Type="Edm.String" Nullable="false" MaxLength="12" sap:label="Order" sap:creatable="false" sap:updatable="false" sap:sortable="false" sap:filterable="false"/>
                <Property Name="Activity" Type="Edm.String" MaxLength="4" sap:label="Activity" sap:creatable="false" sap:updatable="false" sap:sortable="false" sap:filterable="false"/>
                <Property Name="ControlKey" Type="Edm.String" MaxLength="4" sap:label="Control key" sap:creatable="false" sap:updatable="false" sap:sortable="false" sap:filterable="false"/>
                <Property Name="WorkCntr" Type="Edm.String" MaxLength="8" sap:label="Work center" sap:creatable="false" sap:updatable="false" sap:sortable="false" sap:filterable="false"/>
                <Property Name="Plant" Type="Edm.String" MaxLength="4" sap:label="Plant" sap:creatable="false" sap:updatable="false" sap:sortable="false" sap:filterable="false"/>
                <Property Name="Description" Type="Edm.String" MaxLength="40" sap:label="Opr. short text" sap:creatable="false" sap:updatable="false" sap:sortable="false" sap:filterable="false"/>
                <Property Name="SStatus" Type="Edm.String" MaxLength="40" sap:label="System Status" sap:creatable="false" sap:updatable="false" sap:sortable="false" sap:filterable="false"/>
                <Property Name="WorkActivity" Type="Edm.Decimal" Precision="7" Scale="1" sap:label="Work" sap:creatable="false" sap:updatable="false" sap:sortable="false" sap:filterable="false"/>
            </EntityType>
            <ComplexType Name="Return">
                <Property Name="Type" Type="Edm.String" Nullable="false" MaxLength="1" sap:label="Message type" sap:creatable="false" sap:updatable="false" sap:sortable="false" sap:filterable="false"/>
                <Property Name="Code" Type="Edm.String" Nullable="false" MaxLength="5" sap:label="Message code" sap:creatable="false" sap:updatable="false" sap:sortable="false" sap:filterable="false"/>
                <Property Name="Message" Type="Edm.String" Nullable="false" MaxLength="220" sap:label="Message text" sap:creatable="false" sap:updatable="false" sap:sortable="false" sap:filterable="false"/>
                <Property Name="LogNo" Type="Edm.String" Nullable="false" MaxLength="20" sap:label="Log number" sap:creatable="false" sap:updatable="false" sap:sortable="false" sap:filterable="false"/>
                <Property Name="LogMsgNo" Type="Edm.String" Nullable="false" MaxLength="6" sap:label="Message no." sap:creatable="false" sap:updatable="false" sap:sortable="false" sap:filterable="false"/>
                <Property Name="MessageV1" Type="Edm.String" Nullable="false" MaxLength="50" sap:label="Message Variable" sap:creatable="false" sap:updatable="false" sap:sortable="false" sap:filterable="false"/>
                <Property Name="MessageV2" Type="Edm.String" Nullable="false" MaxLength="50" sap:label="Message Variable" sap:creatable="false" sap:updatable="false" sap:sortable="false" sap:filterable="false"/>
                <Property Name="MessageV3" Type="Edm.String" Nullable="false" MaxLength="50" sap:label="Message Variable" sap:creatable="false" sap:updatable="false" sap:sortable="false" sap:filterable="false"/>
                <Property Name="MessageV4" Type="Edm.String" Nullable="false" MaxLength="50" sap:label="Message Variable" sap:creatable="false" sap:updatable="false" sap:sortable="false" sap:filterable="false"/>
            </ComplexType>
            <EntityContainer Name="ZHP_BAPI_DEMO_SRV_Entities" m:IsDefaultEntityContainer="true" sap:supported-formats="atom json xlsx">
                <EntitySet Name="ZHP_BAPI_4Set" EntityType="ZHP_BAPI_DEMO_SRV.ZHP_BAPI_4" sap:creatable="false" sap:updatable="false" sap:deletable="false" sap:pageable="false" sap:content-version="1"/>
                <EntitySet Name="ZHP_NOTI_DET_BAPISet" EntityType="ZHP_BAPI_DEMO_SRV.ZHP_NOTI_DET_BAPI" sap:creatable="false" sap:updatable="false" sap:deletable="false" sap:pageable="false" sap:content-version="1"/>
                <EntitySet Name="ZHP_WORK_DET_BAPISet" EntityType="ZHP_BAPI_DEMO_SRV.ZHP_WORK_DET_BAPI" sap:creatable="false" sap:updatable="false" sap:deletable="false" sap:pageable="false" sap:content-version="1"/>
                <EntitySet Name="ZHP_WORK_LIST_BAPISet" EntityType="ZHP_BAPI_DEMO_SRV.ZHP_WORK_LIST_BAPI" sap:creatable="false" sap:updatable="false" sap:deletable="false" sap:pageable="false" sap:content-version="1"/>
            </EntityContainer>
            <atom:link
                xmlns:atom="http://www.w3.org/2005/Atom" rel="self" href="./sap/ZHP_BAPI_DEMO_SRV/$metadata"/>
                <atom:link
                    xmlns:atom="http://www.w3.org/2005/Atom" rel="latest-version" href="./sap/ZHP_BAPI_DEMO_SRV/$metadata"/>
                </Schema>
            </edmx:DataServices>
        </edmx:Edmx>