<edmx:Edmx
    xmlns:edmx="http://schemas.microsoft.com/ado/2007/06/edmx"
    xmlns:m="http://schemas.microsoft.com/ado/2007/08/dataservices/metadata"
    xmlns:sap="http://www.sap.com/Protocols/SAPData" Version="1.0">
    <edmx:DataServices m:DataServiceVersion="2.0">
        <Schema
            xmlns="http://schemas.microsoft.com/ado/2008/09/edm" Namespace="ZQM_ODATA_HP_SRV" xml:lang="en" sap:schema-version="1">
            <EntityType Name="ZHP_INCEP_RESULT_REC" sap:content-version="1">
                <Key>
                    <PropertyRef Name="Insplot"/>
                </Key>
                <Property Name="LotNumber" Type="Edm.String" MaxLength="12" sap:label="Inspection lot" sap:creatable="false" sap:updatable="false" sap:sortable="false" sap:filterable="false"/>
                <Property Name="OperationNumber" Type="Edm.String" MaxLength="4" sap:label="Operation" sap:creatable="false" sap:updatable="false" sap:sortable="false" sap:filterable="false"/>
                <Property Name="Insplot" Type="Edm.String" Nullable="false" MaxLength="12" sap:label="Inspection lot" sap:creatable="false" sap:updatable="false" sap:sortable="false" sap:filterable="false"/>
                <Property Name="Inspoper" Type="Edm.String" MaxLength="4" sap:label="Operation" sap:creatable="false" sap:updatable="false" sap:sortable="false" sap:filterable="false"/>
                <Property Name="Inspchar" Type="Edm.String" MaxLength="4" sap:label="Charac. no." sap:creatable="false" sap:updatable="false" sap:sortable="false" sap:filterable="false"/>
                <Property Name="Inspsample" Type="Edm.String" MaxLength="6" sap:label="Sample number" sap:creatable="false" sap:updatable="false" sap:sortable="false" sap:filterable="false"/>
                <Property Name="ResNo" Type="Edm.String" MaxLength="4" sap:label="Insp. unit no." sap:creatable="false" sap:updatable="false" sap:sortable="false" sap:filterable="false"/>
                <Property Name="ExtNo" Type="Edm.String" MaxLength="18" sap:label="Serial number" sap:creatable="false" sap:updatable="false" sap:sortable="false" sap:filterable="false"/>
                <Property Name="LastRes" Type="Edm.String" MaxLength="1" sap:label="Last record" sap:creatable="false" sap:updatable="false" sap:sortable="false" sap:filterable="false"/>
                <Property Name="InspDate" Type="Edm.DateTime" Precision="7" sap:label="Insp.start date" sap:creatable="false" sap:updatable="false" sap:sortable="false" sap:filterable="false"/>
                <Property Name="InspTime" Type="Edm.Time" Precision="0" sap:label="Insp.start time" sap:creatable="false" sap:updatable="false" sap:sortable="false" sap:filterable="false"/>
                <Property Name="ResValue" Type="Edm.String" MaxLength="22" sap:label="MeasVal" sap:creatable="false" sap:updatable="false" sap:sortable="false" sap:filterable="false"/>
                <Property Name="ResAttr" Type="Edm.String" MaxLength="1" sap:label="Attrib." sap:creatable="false" sap:updatable="false" sap:sortable="false" sap:filterable="false"/>
                <Property Name="ResInval" Type="Edm.String" MaxLength="1" sap:label="Invalid result" sap:creatable="false" sap:updatable="false" sap:sortable="false" sap:filterable="false"/>
                <Property Name="ResValuat" Type="Edm.String" MaxLength="1" sap:label="Valuation" sap:creatable="false" sap:updatable="false" sap:sortable="false" sap:filterable="false"/>
                <Property Name="ErrClass" Type="Edm.String" MaxLength="2" sap:label="Defect class" sap:creatable="false" sap:updatable="false" sap:sortable="false" sap:filterable="false"/>
                <Property Name="Defects" Type="Edm.String" MaxLength="7" sap:label="No. of defects" sap:creatable="false" sap:updatable="false" sap:sortable="false" sap:filterable="false"/>
                <Property Name="Inspector" Type="Edm.String" MaxLength="20" sap:label="Inspct" sap:creatable="false" sap:updatable="false" sap:sortable="false" sap:filterable="false"/>
                <Property Name="AddInfo1" Type="Edm.String" MaxLength="18" sap:label="Information" sap:creatable="false" sap:updatable="false" sap:sortable="false" sap:filterable="false"/>
                <Property Name="AddInfo2" Type="Edm.String" MaxLength="4" sap:label="Pos. machine" sap:creatable="false" sap:updatable="false" sap:sortable="false" sap:filterable="false"/>
                <Property Name="Remark" Type="Edm.String" MaxLength="40" sap:label="Insp. descr." sap:creatable="false" sap:updatable="false" sap:sortable="false" sap:filterable="false"/>
                <Property Name="Code1" Type="Edm.String" MaxLength="4" sap:label="Code" sap:creatable="false" sap:updatable="false" sap:sortable="false" sap:filterable="false"/>
                <Property Name="CodeGrp1" Type="Edm.String" MaxLength="8" sap:label="Code group" sap:creatable="false" sap:updatable="false" sap:sortable="false" sap:filterable="false"/>
                <Property Name="Code2" Type="Edm.String" MaxLength="4" sap:label="Code" sap:creatable="false" sap:updatable="false" sap:sortable="false" sap:filterable="false"/>
                <Property Name="CodeGrp2" Type="Edm.String" MaxLength="8" sap:label="Code group" sap:creatable="false" sap:updatable="false" sap:sortable="false" sap:filterable="false"/>
                <Property Name="Code3" Type="Edm.String" MaxLength="4" sap:label="Code" sap:creatable="false" sap:updatable="false" sap:sortable="false" sap:filterable="false"/>
                <Property Name="CodeGrp3" Type="Edm.String" MaxLength="8" sap:label="Code group" sap:creatable="false" sap:updatable="false" sap:sortable="false" sap:filterable="false"/>
                <Property Name="Code4" Type="Edm.String" MaxLength="4" sap:label="Code" sap:creatable="false" sap:updatable="false" sap:sortable="false" sap:filterable="false"/>
                <Property Name="CodeGrp4" Type="Edm.String" MaxLength="8" sap:label="Code group" sap:creatable="false" sap:updatable="false" sap:sortable="false" sap:filterable="false"/>
                <Property Name="Code5" Type="Edm.String" MaxLength="4" sap:label="Code" sap:creatable="false" sap:updatable="false" sap:sortable="false" sap:filterable="false"/>
                <Property Name="CodeGrp5" Type="Edm.String" MaxLength="8" sap:label="Code group" sap:creatable="false" sap:updatable="false" sap:sortable="false" sap:filterable="false"/>
                <Property Name="OriginalInput" Type="Edm.String" MaxLength="25" sap:label="Original Value" sap:creatable="false" sap:updatable="false" sap:sortable="false" sap:filterable="false"/>
                <Property Name="InpprocReady" Type="Edm.String" MaxLength="1" sap:label="Input Processing" sap:creatable="false" sap:updatable="false" sap:sortable="false" sap:filterable="false"/>
                <Property Name="DiffDecPlaces" Type="Edm.Int16" sap:label="Diff. Decimal Places" sap:creatable="false" sap:updatable="false" sap:sortable="false" sap:filterable="false"/>
            </EntityType>
            <EntityType Name="ZHP_INCEP_QUALITY" sap:content-version="1">
                <Key>
                    <PropertyRef Name="LotNumber"/>
                    <PropertyRef Name="OperationNumber"/>
                </Key>
                <Property Name="LotNumber" Type="Edm.String" Nullable="false" MaxLength="12" sap:label="Inspection lot" sap:creatable="false" sap:updatable="false" sap:sortable="false" sap:filterable="false"/>
                <Property Name="OperationNumber" Type="Edm.String" Nullable="false" MaxLength="4" sap:label="Operation" sap:creatable="false" sap:updatable="false" sap:sortable="false" sap:filterable="false"/>
                <Property Name="Insplot" Type="Edm.String" MaxLength="12" sap:label="Inspection lot" sap:creatable="false" sap:updatable="false" sap:sortable="false" sap:filterable="false"/>
                <Property Name="Inspoper" Type="Edm.String" MaxLength="4" sap:label="Operation" sap:creatable="false" sap:updatable="false" sap:sortable="false" sap:filterable="false"/>
                <Property Name="Inspchar" Type="Edm.String" MaxLength="4" sap:label="Charac. no." sap:creatable="false" sap:updatable="false" sap:sortable="false" sap:filterable="false"/>
                <Property Name="Status" Type="Edm.String" MaxLength="1" sap:label="Spec. status" sap:creatable="false" sap:updatable="false" sap:sortable="false" sap:filterable="false"/>
                <Property Name="CharDescr" Type="Edm.String" MaxLength="40" sap:label="Short text" sap:creatable="false" sap:updatable="false" sap:sortable="false" sap:filterable="false"/>
                <Property Name="CharType" Type="Edm.String" MaxLength="2" sap:label="Char. type" sap:creatable="false" sap:updatable="false" sap:sortable="false" sap:filterable="false"/>
                <Property Name="ConfirmNo" Type="Edm.String" MaxLength="8" sap:label="ConfirmationNo." sap:creatable="false" sap:updatable="false" sap:sortable="false" sap:filterable="false"/>
                <Property Name="Obligatory" Type="Edm.String" MaxLength="1" sap:label="Reqd confirmat." sap:creatable="false" sap:updatable="false" sap:sortable="false" sap:filterable="false"/>
                <Property Name="SingleRes" Type="Edm.String" MaxLength="1" sap:label="Single results" sap:creatable="false" sap:updatable="false" sap:sortable="false" sap:filterable="false"/>
                <Property Name="SampleRes" Type="Edm.String" MaxLength="1" sap:label="Sample results" sap:creatable="false" sap:updatable="false" sap:sortable="false" sap:filterable="false"/>
                <Property Name="CharRes" Type="Edm.String" MaxLength="1" sap:label="Charac. results" sap:creatable="false" sap:updatable="false" sap:sortable="false" sap:filterable="false"/>
                <Property Name="Samples" Type="Edm.String" MaxLength="1" sap:label="Partial Samples" sap:creatable="false" sap:updatable="false" sap:sortable="false" sap:filterable="false"/>
                <Property Name="SamplesNo" Type="Edm.String" MaxLength="5" sap:label="Partial samples" sap:creatable="false" sap:updatable="false" sap:sortable="false" sap:filterable="false"/>
                <Property Name="Scope" Type="Edm.String" MaxLength="7" sap:label="Sample size" sap:creatable="false" sap:updatable="false" sap:sortable="false" sap:filterable="false"/>
                <Property Name="ScopeInd" Type="Edm.String" MaxLength="1" sap:label="Insp. scope" sap:creatable="false" sap:updatable="false" sap:sortable="false" sap:filterable="false"/>
                <Property Name="DocuRequ" Type="Edm.String" MaxLength="1" sap:label="Document rslts" sap:creatable="false" sap:updatable="false" sap:sortable="false" sap:filterable="false"/>
                <Property Name="Serialrequ" Type="Edm.String" MaxLength="1" sap:label="SNo. indicator" sap:creatable="false" sap:updatable="false" sap:sortable="false" sap:filterable="false"/>
                <Property Name="InspPoint" Type="Edm.String" MaxLength="1" sap:label="With insp. pts." sap:creatable="false" sap:updatable="false" sap:sortable="false" sap:filterable="false"/>
                <Property Name="Grid" Type="Edm.String" MaxLength="3" sap:label="Insp. frequency" sap:creatable="false" sap:updatable="false" sap:sortable="false" sap:filterable="false"/>
                <Property Name="MstrChar" Type="Edm.String" MaxLength="8" sap:label="Mast.charac." sap:creatable="false" sap:updatable="false" sap:sortable="false" sap:filterable="false"/>
                <Property Name="VmstrChar" Type="Edm.String" MaxLength="6" sap:label="Version" sap:creatable="false" sap:updatable="false" sap:sortable="false" sap:filterable="false"/>
                <Property Name="PmstrChar" Type="Edm.String" MaxLength="4" sap:label="Plant InspChar." sap:creatable="false" sap:updatable="false" sap:sortable="false" sap:filterable="false"/>
                <Property Name="Method" Type="Edm.String" MaxLength="8" sap:label="Insp. method" sap:creatable="false" sap:updatable="false" sap:sortable="false" sap:filterable="false"/>
                <Property Name="MethodTxt" Type="Edm.String" MaxLength="40" sap:label="Short text" sap:creatable="false" sap:updatable="false" sap:sortable="false" sap:filterable="false"/>
                <Property Name="Vmethod" Type="Edm.String" MaxLength="6" sap:label="Version" sap:creatable="false" sap:updatable="false" sap:sortable="false" sap:filterable="false"/>
                <Property Name="Pmethod" Type="Edm.String" MaxLength="4" sap:label="Plant" sap:creatable="false" sap:updatable="false" sap:sortable="false" sap:filterable="false"/>
                <Property Name="SmplQuant" Type="Edm.String" MaxLength="6" sap:label="SmpleUnt MsmtFr" sap:creatable="false" sap:updatable="false" sap:sortable="false" sap:filterable="false"/>
                <Property Name="SmplUnit" Type="Edm.String" MaxLength="3" sap:label="Unit of measure" sap:creatable="false" sap:updatable="false" sap:sortable="false" sap:filterable="false" sap:semantics="unit-of-measure"/>
                <Property Name="SmplUnitt" Type="Edm.String" MaxLength="20" sap:label="Text UnitOfMeas" sap:creatable="false" sap:updatable="false" sap:sortable="false" sap:filterable="false"/>
                <Property Name="SmplUnitc" Type="Edm.String" MaxLength="3" sap:label="ISO code" sap:creatable="false" sap:updatable="false" sap:sortable="false" sap:filterable="false"/>
                <Property Name="PhysSmpl" Type="Edm.String" MaxLength="6" sap:label="Partial Sample" sap:creatable="false" sap:updatable="false" sap:sortable="false" sap:filterable="false"/>
                <Property Name="ChWgtCod" Type="Edm.String" MaxLength="2" sap:label="Charac. weight." sap:creatable="false" sap:updatable="false" sap:sortable="false" sap:filterable="false"/>
                <Property Name="ChWgtFac" Type="Edm.String" MaxLength="4" sap:label="Weighting factor" sap:creatable="false" sap:updatable="false" sap:sortable="false" sap:filterable="false"/>
                <Property Name="ChWgtTxt" Type="Edm.String" MaxLength="40" sap:label="Charac. weight." sap:creatable="false" sap:updatable="false" sap:sortable="false" sap:filterable="false"/>
                <Property Name="Formula" Type="Edm.String" MaxLength="120" sap:label="Compl. formula" sap:creatable="false" sap:updatable="false" sap:sortable="false" sap:filterable="false"/>
                <Property Name="Infofield1" Type="Edm.String" MaxLength="10" sap:label="InfoField1" sap:creatable="false" sap:updatable="false" sap:sortable="false" sap:filterable="false"/>
                <Property Name="Infofield2" Type="Edm.String" MaxLength="20" sap:label="InfoField2" sap:creatable="false" sap:updatable="false" sap:sortable="false" sap:filterable="false"/>
                <Property Name="Infofield3" Type="Edm.String" MaxLength="40" sap:label="InfoField3" sap:creatable="false" sap:updatable="false" sap:sortable="false" sap:filterable="false"/>
                <Property Name="DecPlaces" Type="Edm.String" MaxLength="3" sap:label="Decimal places" sap:creatable="false" sap:updatable="false" sap:sortable="false" sap:filterable="false"/>
                <Property Name="MeasUnit" Type="Edm.String" MaxLength="6" sap:label="Int. unit/measure." sap:creatable="false" sap:updatable="false" sap:sortable="false" sap:filterable="false"/>
                <Property Name="MeasUnitt" Type="Edm.String" MaxLength="20" sap:label="Text UnitOfMeas" sap:creatable="false" sap:updatable="false" sap:sortable="false" sap:filterable="false"/>
                <Property Name="MeasUnitc" Type="Edm.String" MaxLength="3" sap:label="ISO code" sap:creatable="false" sap:updatable="false" sap:sortable="false" sap:filterable="false"/>
                <Property Name="TargetVal" Type="Edm.String" MaxLength="22" sap:label="Target value" sap:creatable="false" sap:updatable="false" sap:sortable="false" sap:filterable="false"/>
                <Property Name="UpTolLmt" Type="Edm.String" MaxLength="22" sap:label="Upper tol. limit" sap:creatable="false" sap:updatable="false" sap:sortable="false" sap:filterable="false"/>
                <Property Name="LwTolLmt" Type="Edm.String" MaxLength="22" sap:label="LowerTolerance limit" sap:creatable="false" sap:updatable="false" sap:sortable="false" sap:filterable="false"/>
                <Property Name="UpLmt1" Type="Edm.String" MaxLength="22" sap:label="Limit 1 (upper)" sap:creatable="false" sap:updatable="false" sap:sortable="false" sap:filterable="false"/>
                <Property Name="LwLmt1" Type="Edm.String" MaxLength="22" sap:label="Limit 1 (lower)" sap:creatable="false" sap:updatable="false" sap:sortable="false" sap:filterable="false"/>
                <Property Name="UpLmt2" Type="Edm.String" MaxLength="22" sap:label="Limit 2 (upper)" sap:creatable="false" sap:updatable="false" sap:sortable="false" sap:filterable="false"/>
                <Property Name="LwLmt2" Type="Edm.String" MaxLength="22" sap:label="Limit 2 (lower)" sap:creatable="false" sap:updatable="false" sap:sortable="false" sap:filterable="false"/>
                <Property Name="UpPlsLmt" Type="Edm.String" MaxLength="22" sap:label="PlausiLimit(Uppr)" sap:creatable="false" sap:updatable="false" sap:sortable="false" sap:filterable="false"/>
                <Property Name="LwPlsLmt" Type="Edm.String" MaxLength="22" sap:label="Plausi.limit(lowr)" sap:creatable="false" sap:updatable="false" sap:sortable="false" sap:filterable="false"/>
                <Property Name="UpCtrl1" Type="Edm.String" MaxLength="22" sap:label="AL1(uppr)" sap:creatable="false" sap:updatable="false" sap:sortable="false" sap:filterable="false"/>
                <Property Name="LwCtrl1" Type="Edm.String" MaxLength="22" sap:label="LowerAL1" sap:creatable="false" sap:updatable="false" sap:sortable="false" sap:filterable="false"/>
                <Property Name="UpCtrl2" Type="Edm.String" MaxLength="22" sap:label="AL2(Uppr)" sap:creatable="false" sap:updatable="false" sap:sortable="false" sap:filterable="false"/>
                <Property Name="LwCtrl2" Type="Edm.String" MaxLength="22" sap:label="Lower AL 2" sap:creatable="false" sap:updatable="false" sap:sortable="false" sap:filterable="false"/>
                <Property Name="CcNo" Type="Edm.String" MaxLength="12" sap:label="QM control chart" sap:creatable="false" sap:updatable="false" sap:sortable="false" sap:filterable="false"/>
                <Property Name="CcType" Type="Edm.String" MaxLength="3" sap:label="CntrlChartType" sap:creatable="false" sap:updatable="false" sap:sortable="false" sap:filterable="false"/>
                <Property Name="CcTypeT" Type="Edm.String" MaxLength="40" sap:label="CntrlChartType" sap:creatable="false" sap:updatable="false" sap:sortable="false" sap:filterable="false"/>
                <Property Name="SelSet1" Type="Edm.String" MaxLength="8" sap:label="Selected set" sap:creatable="false" sap:updatable="false" sap:sortable="false" sap:filterable="false"/>
                <Property Name="PselSet1" Type="Edm.String" MaxLength="4" sap:label="Plnt" sap:creatable="false" sap:updatable="false" sap:sortable="false" sap:filterable="false"/>
                <Property Name="CatType1" Type="Edm.String" MaxLength="1" sap:label="Cat. type" sap:creatable="false" sap:updatable="false" sap:sortable="false" sap:filterable="false"/>
                <Property Name="SelSet2" Type="Edm.String" MaxLength="8" sap:label="Selected set" sap:creatable="false" sap:updatable="false" sap:sortable="false" sap:filterable="false"/>
                <Property Name="PselSet2" Type="Edm.String" MaxLength="4" sap:label="Plnt" sap:creatable="false" sap:updatable="false" sap:sortable="false" sap:filterable="false"/>
                <Property Name="CatType2" Type="Edm.String" MaxLength="1" sap:label="Cat. type" sap:creatable="false" sap:updatable="false" sap:sortable="false" sap:filterable="false"/>
                <Property Name="SelSet3" Type="Edm.String" MaxLength="8" sap:label="Selected set" sap:creatable="false" sap:updatable="false" sap:sortable="false" sap:filterable="false"/>
                <Property Name="PselSet3" Type="Edm.String" MaxLength="4" sap:label="Plnt" sap:creatable="false" sap:updatable="false" sap:sortable="false" sap:filterable="false"/>
                <Property Name="CatType3" Type="Edm.String" MaxLength="1" sap:label="Cat. type" sap:creatable="false" sap:updatable="false" sap:sortable="false" sap:filterable="false"/>
                <Property Name="SelSet4" Type="Edm.String" MaxLength="8" sap:label="Selected set" sap:creatable="false" sap:updatable="false" sap:sortable="false" sap:filterable="false"/>
                <Property Name="PselSet4" Type="Edm.String" MaxLength="4" sap:label="Plnt" sap:creatable="false" sap:updatable="false" sap:sortable="false" sap:filterable="false"/>
                <Property Name="CatType4" Type="Edm.String" MaxLength="1" sap:label="Cat. type" sap:creatable="false" sap:updatable="false" sap:sortable="false" sap:filterable="false"/>
                <Property Name="SelSet5" Type="Edm.String" MaxLength="8" sap:label="Selected set" sap:creatable="false" sap:updatable="false" sap:sortable="false" sap:filterable="false"/>
                <Property Name="PselSet5" Type="Edm.String" MaxLength="4" sap:label="Plnt" sap:creatable="false" sap:updatable="false" sap:sortable="false" sap:filterable="false"/>
                <Property Name="CatType5" Type="Edm.String" MaxLength="1" sap:label="Cat. type" sap:creatable="false" sap:updatable="false" sap:sortable="false" sap:filterable="false"/>
                <Property Name="ValnType" Type="Edm.String" MaxLength="1" sap:label="Sample val.type" sap:creatable="false" sap:updatable="false" sap:sortable="false" sap:filterable="false"/>
                <Property Name="AcceptNo" Type="Edm.String" MaxLength="5" sap:label="Acceptance no." sap:creatable="false" sap:updatable="false" sap:sortable="false" sap:filterable="false"/>
                <Property Name="RejectNo" Type="Edm.String" MaxLength="5" sap:label="Rejection no." sap:creatable="false" sap:updatable="false" sap:sortable="false" sap:filterable="false"/>
                <Property Name="KFactor" Type="Edm.String" MaxLength="16" sap:label="K-factor" sap:creatable="false" sap:updatable="false" sap:sortable="false" sap:filterable="false"/>
                <Property Name="ShareCalc" Type="Edm.String" MaxLength="1" sap:label="Fraction Calculation" sap:creatable="false" sap:updatable="false" sap:sortable="false" sap:filterable="false"/>
                <Property Name="CharacteristicName" Type="Edm.String" MaxLength="40" sap:label="Char. descrip." sap:creatable="false" sap:updatable="false" sap:sortable="false" sap:filterable="false"/>
                <Property Name="ResOrg" Type="Edm.String" MaxLength="2" sap:label="Data origin" sap:creatable="false" sap:updatable="false" sap:sortable="false" sap:filterable="false"/>
                <Property Name="Classes" Type="Edm.String" MaxLength="1" sap:label="Classed results" sap:creatable="false" sap:updatable="false" sap:sortable="false" sap:filterable="false"/>
                <Property Name="NoRecording" Type="Edm.String" MaxLength="1" sap:label="No recording" sap:creatable="false" sap:updatable="false" sap:sortable="false" sap:filterable="false"/>
                <Property Name="Inpproc" Type="Edm.String" MaxLength="3" sap:label="Input Processng" sap:creatable="false" sap:updatable="false" sap:sortable="false" sap:filterable="false"/>
                <Property Name="Closed" Type="Edm.String" MaxLength="1" sap:label="Close" sap:creatable="false" sap:updatable="false" sap:sortable="false" sap:filterable="false"/>
                <Property Name="Evaluated" Type="Edm.String" MaxLength="1" sap:label="Copy valuation" sap:creatable="false" sap:updatable="false" sap:sortable="false" sap:filterable="false"/>
                <Property Name="CharAttr" Type="Edm.String" MaxLength="1" sap:label="Attribute" sap:creatable="false" sap:updatable="false" sap:sortable="false" sap:filterable="false"/>
                <Property Name="CharInval" Type="Edm.String" MaxLength="1" sap:label="Invalid result" sap:creatable="false" sap:updatable="false" sap:sortable="false" sap:filterable="false"/>
                <Property Name="Evaluation" Type="Edm.String" MaxLength="1" sap:label="Valuation" sap:creatable="false" sap:updatable="false" sap:sortable="false" sap:filterable="false"/>
                <Property Name="ErrClass" Type="Edm.String" MaxLength="2" sap:label="Defect class" sap:creatable="false" sap:updatable="false" sap:sortable="false" sap:filterable="false"/>
                <Property Name="ValidVals" Type="Edm.String" MaxLength="7" sap:label="Valid values" sap:creatable="false" sap:updatable="false" sap:sortable="false" sap:filterable="false"/>
                <Property Name="Nonconf" Type="Edm.String" MaxLength="7" sap:label="Nonconf. Units" sap:creatable="false" sap:updatable="false" sap:sortable="false" sap:filterable="false"/>
                <Property Name="Defects" Type="Edm.String" MaxLength="7" sap:label="No. of defects" sap:creatable="false" sap:updatable="false" sap:sortable="false" sap:filterable="false"/>
                <Property Name="ValsAbove" Type="Edm.String" MaxLength="7" sap:label="Vals over limit" sap:creatable="false" sap:updatable="false" sap:sortable="false" sap:filterable="false"/>
                <Property Name="ValsBelow" Type="Edm.String" MaxLength="7" sap:label="Vals bel. limit" sap:creatable="false" sap:updatable="false" sap:sortable="false" sap:filterable="false"/>
                <Property Name="MeanValue" Type="Edm.String" MaxLength="22" sap:label="Mean value" sap:creatable="false" sap:updatable="false" sap:sortable="false" sap:filterable="false"/>
                <Property Name="Variance" Type="Edm.String" MaxLength="22" sap:label="Variance" sap:creatable="false" sap:updatable="false" sap:sortable="false" sap:filterable="false"/>
                <Property Name="Maximum" Type="Edm.String" MaxLength="22" sap:label="Maximum" sap:creatable="false" sap:updatable="false" sap:sortable="false" sap:filterable="false"/>
                <Property Name="Minimum" Type="Edm.String" MaxLength="22" sap:label="Minimum" sap:creatable="false" sap:updatable="false" sap:sortable="false" sap:filterable="false"/>
                <Property Name="StartDate" Type="Edm.DateTime" Precision="7" sap:label="Insp.start date" sap:creatable="false" sap:updatable="false" sap:sortable="false" sap:filterable="false"/>
                <Property Name="StartTime" Type="Edm.Time" Precision="0" sap:label="Insp.start time" sap:creatable="false" sap:updatable="false" sap:sortable="false" sap:filterable="false"/>
                <Property Name="EndDate" Type="Edm.DateTime" Precision="7" sap:label="Insp. end date" sap:creatable="false" sap:updatable="false" sap:sortable="false" sap:filterable="false"/>
                <Property Name="EndTime" Type="Edm.Time" Precision="0" sap:label="Insp. end time" sap:creatable="false" sap:updatable="false" sap:sortable="false" sap:filterable="false"/>
                <Property Name="Inspector" Type="Edm.String" MaxLength="20" sap:label="Inspct" sap:creatable="false" sap:updatable="false" sap:sortable="false" sap:filterable="false"/>
                <Property Name="Remark" Type="Edm.String" MaxLength="40" sap:label="Insp. descr." sap:creatable="false" sap:updatable="false" sap:sortable="false" sap:filterable="false"/>
                <Property Name="Code1" Type="Edm.String" MaxLength="4" sap:label="Code" sap:creatable="false" sap:updatable="false" sap:sortable="false" sap:filterable="false"/>
                <Property Name="CodeGrp1" Type="Edm.String" MaxLength="8" sap:label="Code group" sap:creatable="false" sap:updatable="false" sap:sortable="false" sap:filterable="false"/>
                <Property Name="Code2" Type="Edm.String" MaxLength="4" sap:label="Code" sap:creatable="false" sap:updatable="false" sap:sortable="false" sap:filterable="false"/>
                <Property Name="CodeGrp2" Type="Edm.String" MaxLength="8" sap:label="Code group" sap:creatable="false" sap:updatable="false" sap:sortable="false" sap:filterable="false"/>
                <Property Name="Code3" Type="Edm.String" MaxLength="4" sap:label="Code" sap:creatable="false" sap:updatable="false" sap:sortable="false" sap:filterable="false"/>
                <Property Name="CodeGrp3" Type="Edm.String" MaxLength="8" sap:label="Code group" sap:creatable="false" sap:updatable="false" sap:sortable="false" sap:filterable="false"/>
                <Property Name="Code4" Type="Edm.String" MaxLength="4" sap:label="Code" sap:creatable="false" sap:updatable="false" sap:sortable="false" sap:filterable="false"/>
                <Property Name="CodeGrp4" Type="Edm.String" MaxLength="8" sap:label="Code group" sap:creatable="false" sap:updatable="false" sap:sortable="false" sap:filterable="false"/>
                <Property Name="Code5" Type="Edm.String" MaxLength="4" sap:label="Code" sap:creatable="false" sap:updatable="false" sap:sortable="false" sap:filterable="false"/>
                <Property Name="CodeGrp5" Type="Edm.String" MaxLength="8" sap:label="Code group" sap:creatable="false" sap:updatable="false" sap:sortable="false" sap:filterable="false"/>
                <Property Name="OriginalInput" Type="Edm.String" MaxLength="25" sap:label="Original Value" sap:creatable="false" sap:updatable="false" sap:sortable="false" sap:filterable="false"/>
                <Property Name="InpprocReady" Type="Edm.String" MaxLength="1" sap:label="Input Processing" sap:creatable="false" sap:updatable="false" sap:sortable="false" sap:filterable="false"/>
                <Property Name="DiffDecPlaces" Type="Edm.Int16" sap:label="Diff. Decimal Places" sap:creatable="false" sap:updatable="false" sap:sortable="false" sap:filterable="false"/>
                <Property Name="AddInfo1" Type="Edm.String" MaxLength="18" sap:label="Information" sap:creatable="false" sap:updatable="false" sap:sortable="false" sap:filterable="false"/>
                <Property Name="ConditionActive" Type="Edm.Boolean" sap:label="Cond.Chars Actv" sap:creatable="false" sap:updatable="false" sap:sortable="false" sap:filterable="false"/>
            </EntityType>
            <EntityType Name="ZHP_INCEPTION_LOT_DETAIL" sap:content-version="1">
                <Key>
                    <PropertyRef Name="LotNumber"/>
                </Key>
                <Property Name="LotNumber" Type="Edm.String" Nullable="false" MaxLength="12" sap:label="Inspection Lot" sap:creatable="false" sap:updatable="false" sap:sortable="false" sap:filterable="false"/>
                <Property Name="Insplot" Type="Edm.String" MaxLength="12" sap:label="Inspection Lot" sap:creatable="false" sap:updatable="false" sap:sortable="false" sap:filterable="false"/>
                <Property Name="IndSpecialQmOrder" Type="Edm.String" MaxLength="1" sap:label="Indiv. QM order" sap:creatable="false" sap:updatable="false" sap:sortable="false" sap:filterable="false"/>
                <Property Name="QmOrderid" Type="Edm.String" MaxLength="12" sap:label="QM Order" sap:creatable="false" sap:updatable="false" sap:sortable="false" sap:filterable="false"/>
                <Property Name="BusArea" Type="Edm.String" MaxLength="4" sap:label="Business Area" sap:creatable="false" sap:updatable="false" sap:sortable="false" sap:filterable="false"/>
                <Property Name="CoArea" Type="Edm.String" MaxLength="4" sap:label="CO Area" sap:creatable="false" sap:updatable="false" sap:sortable="false" sap:filterable="false"/>
                <Property Name="CompCode" Type="Edm.String" MaxLength="4" sap:label="Company Code" sap:creatable="false" sap:updatable="false" sap:sortable="false" sap:filterable="false"/>
                <Property Name="ProfitCtr" Type="Edm.String" MaxLength="10" sap:label="Profit Center" sap:creatable="false" sap:updatable="false" sap:sortable="false" sap:filterable="false"/>
                <Property Name="InsplotAcctngKey" Type="Edm.String" MaxLength="1" sap:label="AccAss key" sap:creatable="false" sap:updatable="false" sap:sortable="false" sap:filterable="false"/>
                <Property Name="Orderid" Type="Edm.String" MaxLength="12" sap:label="Order" sap:creatable="false" sap:updatable="false" sap:sortable="false" sap:filterable="false"/>
                <Property Name="Costcenter" Type="Edm.String" MaxLength="10" sap:label="Cost Center" sap:creatable="false" sap:updatable="false" sap:sortable="false" sap:filterable="false"/>
                <Property Name="AssetNo" Type="Edm.String" MaxLength="12" sap:label="Asset" sap:creatable="false" sap:updatable="false" sap:sortable="false" sap:filterable="false"/>
                <Property Name="SubNumber" Type="Edm.String" MaxLength="4" sap:label="Sub-number" sap:creatable="false" sap:updatable="false" sap:sortable="false" sap:filterable="false"/>
                <Property Name="AcctngWbsElem" Type="Edm.String" MaxLength="24" sap:label="WBS Element" sap:creatable="false" sap:updatable="false" sap:sortable="false" sap:filterable="false"/>
                <Property Name="AcctngWbsElementExt" Type="Edm.String" MaxLength="24" sap:label="WBS element" sap:creatable="false" sap:updatable="false" sap:sortable="false" sap:filterable="false"/>
                <Property Name="AcctngSalesOrd" Type="Edm.String" MaxLength="10" sap:label="Sales Order" sap:creatable="false" sap:updatable="false" sap:sortable="false" sap:filterable="false"/>
                <Property Name="AcctngSOrdItem" Type="Edm.String" MaxLength="6" sap:label="Sales ord. item" sap:creatable="false" sap:updatable="false" sap:sortable="false" sap:filterable="false"/>
                <Property Name="ProfitSegmNo" Type="Edm.String" MaxLength="10" sap:label="Profit. segment" sap:creatable="false" sap:updatable="false" sap:sortable="false" sap:filterable="false"/>
                <Property Name="DmyUnused" Type="Edm.String" MaxLength="1" sap:label="Dummy" sap:creatable="false" sap:updatable="false" sap:sortable="false" sap:filterable="false"/>
                <Property Name="Plant" Type="Edm.String" MaxLength="4" sap:label="Plant" sap:creatable="false" sap:updatable="false" sap:sortable="false" sap:filterable="false"/>
                <Property Name="InspType" Type="Edm.String" MaxLength="8" sap:label="Inspection Type" sap:creatable="false" sap:updatable="false" sap:sortable="false" sap:filterable="false"/>
                <Property Name="InsplotOrigin" Type="Edm.String" MaxLength="2" sap:label="Insp.lot origin" sap:creatable="false" sap:updatable="false" sap:sortable="false" sap:filterable="false"/>
                <Property Name="ObjectNo" Type="Edm.String" MaxLength="22" sap:label="Object number" sap:creatable="false" sap:updatable="false" sap:sortable="false" sap:filterable="false"/>
                <Property Name="StatProf" Type="Edm.String" MaxLength="8" sap:label="Status Profile" sap:creatable="false" sap:updatable="false" sap:sortable="false" sap:filterable="false"/>
                <Property Name="QmAuthgrp" Type="Edm.String" MaxLength="6" sap:label="QM mat. auth." sap:creatable="false" sap:updatable="false" sap:sortable="false" sap:filterable="false"/>
                <Property Name="IndInsplotCreatedAutomatic" Type="Edm.String" MaxLength="1" sap:label="Lot created" sap:creatable="false" sap:updatable="false" sap:sortable="false" sap:filterable="false"/>
                <Property Name="IndPartiallotsExist" Type="Edm.String" MaxLength="1" sap:label="Partial lots" sap:creatable="false" sap:updatable="false" sap:sortable="false" sap:filterable="false"/>
                <Property Name="IndDatarecordModified" Type="Edm.String" MaxLength="1" sap:label="Ind. modified" sap:creatable="false" sap:updatable="false" sap:sortable="false" sap:filterable="false"/>
                <Property Name="IndInsppoints" Type="Edm.String" MaxLength="1" sap:label="Prod. insp." sap:creatable="false" sap:updatable="false" sap:sortable="false" sap:filterable="false"/>
                <Property Name="IndAutomaticUd" Type="Edm.String" MaxLength="1" sap:label="Auto UD" sap:creatable="false" sap:updatable="false" sap:sortable="false" sap:filterable="false"/>
                <Property Name="IndSourceInspection" Type="Edm.String" MaxLength="1" sap:label="Source insp." sap:creatable="false" sap:updatable="false" sap:sortable="false" sap:filterable="false"/>
                <Property Name="IndSpecConfig" Type="Edm.String" MaxLength="1" sap:label="Configuration" sap:creatable="false" sap:updatable="false" sap:sortable="false" sap:filterable="false"/>
                <Property Name="IndSpecBatch" Type="Edm.String" MaxLength="1" sap:label="Batch determtn" sap:creatable="false" sap:updatable="false" sap:sortable="false" sap:filterable="false"/>
                <Property Name="IndDocuRequired" Type="Edm.String" MaxLength="1" sap:label="Docu. required" sap:creatable="false" sap:updatable="false" sap:sortable="false" sap:filterable="false"/>
                <Property Name="IndTaskListRequired" Type="Edm.String" MaxLength="1" sap:label="Insp.plan reqd" sap:creatable="false" sap:updatable="false" sap:sortable="false" sap:filterable="false"/>
                <Property Name="IndManualSample" Type="Edm.String" MaxLength="1" sap:label="Manual sample" sap:creatable="false" sap:updatable="false" sap:sortable="false" sap:filterable="false"/>
                <Property Name="IndSpecMatspec" Type="Edm.String" MaxLength="1" sap:label="Insp. with spec." sap:creatable="false" sap:updatable="false" sap:sortable="false" sap:filterable="false"/>
                <Property Name="IndInsplotApproval" Type="Edm.String" MaxLength="1" sap:label="ApprovalInspLot" sap:creatable="false" sap:updatable="false" sap:sortable="false" sap:filterable="false"/>
                <Property Name="IndDigSignResultsRec" Type="Edm.String" MaxLength="1" sap:label="Dig.Sign.RR" sap:creatable="false" sap:updatable="false" sap:sortable="false" sap:filterable="false"/>
                <Property Name="IndDigSignUsageDecision" Type="Edm.String" MaxLength="1" sap:label="Dig.sign UD" sap:creatable="false" sap:updatable="false" sap:sortable="false" sap:filterable="false"/>
                <Property Name="IndDigSignSampleDrawing" Type="Edm.String" MaxLength="1" sap:label="DigSig PhySmpDw" sap:creatable="false" sap:updatable="false" sap:sortable="false" sap:filterable="false"/>
                <Property Name="IndBatchRecordRequired" Type="Edm.Boolean" sap:label="Batch rec. req." sap:creatable="false" sap:updatable="false" sap:sortable="false" sap:filterable="false"/>
                <Property Name="IndManSampleCalculation" Type="Edm.String" MaxLength="1" sap:label="Man. smplCalc." sap:creatable="false" sap:updatable="false" sap:sortable="false" sap:filterable="false"/>
                <Property Name="IndDynModifMaterial" Type="Edm.String" MaxLength="1" sap:label="Dyn. material" sap:creatable="false" sap:updatable="false" sap:sortable="false" sap:filterable="false"/>
                <Property Name="IndDynModifVendor" Type="Edm.String" MaxLength="1" sap:label="Dyn. vendor" sap:creatable="false" sap:updatable="false" sap:sortable="false" sap:filterable="false"/>
                <Property Name="IndDynModifManufac" Type="Edm.String" MaxLength="1" sap:label="Dyn. manufact." sap:creatable="false" sap:updatable="false" sap:sortable="false" sap:filterable="false"/>
                <Property Name="IndDynModifCustomer" Type="Edm.String" MaxLength="1" sap:label="Dyn. customer" sap:creatable="false" sap:updatable="false" sap:sortable="false" sap:filterable="false"/>
                <Property Name="IndSkipsAllowed" Type="Edm.String" MaxLength="1" sap:label="Skips allowed" sap:creatable="false" sap:updatable="false" sap:sortable="false" sap:filterable="false"/>
                <Property Name="Ind100PercentInspection" Type="Edm.String" MaxLength="1" sap:label="100% inspection" sap:creatable="false" sap:updatable="false" sap:sortable="false" sap:filterable="false"/>
                <Property Name="IndSingleUnitsPossible" Type="Edm.String" MaxLength="1" sap:label="Serial numbers" sap:creatable="false" sap:updatable="false" sap:sortable="false" sap:filterable="false"/>
                <Property Name="SernoProf" Type="Edm.String" MaxLength="4" sap:label="SerialNoProfile" sap:creatable="false" sap:updatable="false" sap:sortable="false" sap:filterable="false"/>
                <Property Name="NoOfSerialNumbers" Type="Edm.Int32" sap:label="No.serial no." sap:creatable="false" sap:updatable="false" sap:sortable="false" sap:filterable="false"/>
                <Property Name="IndUnitsExtNumbering" Type="Edm.String" MaxLength="1" sap:label="Ext.numbering" sap:creatable="false" sap:updatable="false" sap:sortable="false" sap:filterable="false"/>
                <Property Name="DynModifLevel" Type="Edm.String" MaxLength="1" sap:label="Dyn. mod. level" sap:creatable="false" sap:updatable="false" sap:sortable="false" sap:filterable="false"/>
                <Property Name="SamplingProcedure" Type="Edm.String" MaxLength="8" sap:label="Smpl.procedure" sap:creatable="false" sap:updatable="false" sap:sortable="false" sap:filterable="false"/>
                <Property Name="DynModifRule" Type="Edm.String" MaxLength="3" sap:label="Dyn. mod. rule" sap:creatable="false" sap:updatable="false" sap:sortable="false" sap:filterable="false"/>
                <Property Name="DynModifMoment" Type="Edm.String" MaxLength="1" sap:label="Time DynModif." sap:creatable="false" sap:updatable="false" sap:sortable="false" sap:filterable="false"/>
                <Property Name="InspectionStage" Type="Edm.String" MaxLength="4" sap:label="Insp. stage" sap:creatable="false" sap:updatable="false" sap:sortable="false" sap:filterable="false"/>
                <Property Name="InspectionSeverity" Type="Edm.String" MaxLength="3" sap:label="Insp. severity" sap:creatable="false" sap:updatable="false" sap:sortable="false" sap:filterable="false"/>
                <Property Name="OriginatedOnDate" Type="Edm.DateTime" Precision="7" sap:label="Lot created" sap:creatable="false" sap:updatable="false" sap:sortable="false" sap:filterable="false"/>
                <Property Name="OriginatedAtTime" Type="Edm.Time" Precision="0" sap:label="Time" sap:creatable="false" sap:updatable="false" sap:sortable="false" sap:filterable="false"/>
                <Property Name="CreatedByUser" Type="Edm.String" MaxLength="12" sap:label="Created by" sap:creatable="false" sap:updatable="false" sap:sortable="false" sap:filterable="false"/>
                <Property Name="CreatedOnDate" Type="Edm.DateTime" Precision="7" sap:label="Created on" sap:creatable="false" sap:updatable="false" sap:sortable="false" sap:filterable="false"/>
                <Property Name="CreatedAtTime" Type="Edm.Time" Precision="0" sap:label="Time" sap:creatable="false" sap:updatable="false" sap:sortable="false" sap:filterable="false"/>
                <Property Name="ChangedByUser" Type="Edm.String" MaxLength="12" sap:label="Changed by" sap:creatable="false" sap:updatable="false" sap:sortable="false" sap:filterable="false"/>
                <Property Name="ChangedOnDate" Type="Edm.DateTime" Precision="7" sap:label="Changed on" sap:creatable="false" sap:updatable="false" sap:sortable="false" sap:filterable="false"/>
                <Property Name="ChangedAtTime" Type="Edm.Time" Precision="0" sap:label="Time" sap:creatable="false" sap:updatable="false" sap:sortable="false" sap:filterable="false"/>
                <Property Name="InspectionStartsOnDate" Type="Edm.DateTime" Precision="7" sap:label="Start date" sap:creatable="false" sap:updatable="false" sap:sortable="false" sap:filterable="false"/>
                <Property Name="InspectionStartsAtTime" Type="Edm.Time" Precision="0" sap:label="Time" sap:creatable="false" sap:updatable="false" sap:sortable="false" sap:filterable="false"/>
                <Property Name="InspectionEndsOnDate" Type="Edm.DateTime" Precision="7" sap:label="Insp. End Date" sap:creatable="false" sap:updatable="false" sap:sortable="false" sap:filterable="false"/>
                <Property Name="InspectionEndsAtTime" Type="Edm.Time" Precision="0" sap:label="Time" sap:creatable="false" sap:updatable="false" sap:sortable="false" sap:filterable="false"/>
                <Property Name="InsppointDescriptionKey" Type="Edm.String" MaxLength="3" sap:label="Field combinat." sap:creatable="false" sap:updatable="false" sap:sortable="false" sap:filterable="false"/>
                <Property Name="InsppointType" Type="Edm.String" MaxLength="1" sap:label="InspPt type" sap:creatable="false" sap:updatable="false" sap:sortable="false" sap:filterable="false"/>
                <Property Name="InsppointPartiallotAssgnmt" Type="Edm.String" MaxLength="1" sap:label="PL assignment" sap:creatable="false" sap:updatable="false" sap:sortable="false" sap:filterable="false"/>
                <Property Name="SampleDrawingProcedure" Type="Edm.String" MaxLength="8" sap:label="Drawing proc." sap:creatable="false" sap:updatable="false" sap:sortable="false" sap:filterable="false"/>
                <Property Name="SampleDrawingProcVersion" Type="Edm.String" MaxLength="6" sap:label="Version" sap:creatable="false" sap:updatable="false" sap:sortable="false" sap:filterable="false"/>
                <Property Name="IndPhysSampleConfirmReqd" Type="Edm.String" MaxLength="1" sap:label="Confirmation" sap:creatable="false" sap:updatable="false" sap:sortable="false" sap:filterable="false"/>
                <Property Name="RunschdHd" Type="Edm.String" MaxLength="12" sap:label="RS header" sap:creatable="false" sap:updatable="false" sap:sortable="false" sap:filterable="false"/>
                <Property Name="Customer" Type="Edm.String" MaxLength="10" sap:label="Customer" sap:creatable="false" sap:updatable="false" sap:sortable="false" sap:filterable="false"/>
                <Property Name="Vendor" Type="Edm.String" MaxLength="10" sap:label="Vendor" sap:creatable="false" sap:updatable="false" sap:sortable="false" sap:filterable="false"/>
                <Property Name="Manufacturer" Type="Edm.String" MaxLength="10" sap:label="Manufacturer" sap:creatable="false" sap:updatable="false" sap:sortable="false" sap:filterable="false"/>
                <Property Name="IndMatpartnoMgntActive" Type="Edm.String" MaxLength="1" sap:label="MPN active" sap:creatable="false" sap:updatable="false" sap:sortable="false" sap:filterable="false"/>
                <Property Name="MpnMaterial" Type="Edm.String" MaxLength="18" sap:label="MPN material" sap:creatable="false" sap:updatable="false" sap:sortable="false" sap:filterable="false"/>
                <Property Name="Material" Type="Edm.String" MaxLength="18" sap:label="Material" sap:creatable="false" sap:updatable="false" sap:sortable="false" sap:filterable="false"/>
                <Property Name="RevLev" Type="Edm.String" MaxLength="2" sap:label="Revision level" sap:creatable="false" sap:updatable="false" sap:sortable="false" sap:filterable="false"/>
                <Property Name="IndBatchMgnt" Type="Edm.Boolean" sap:label="Batch Mgmt Rqt" sap:creatable="false" sap:updatable="false" sap:sortable="false" sap:filterable="false"/>
                <Property Name="Batch" Type="Edm.String" MaxLength="10" sap:label="Batch" sap:creatable="false" sap:updatable="false" sap:sortable="false" sap:filterable="false"/>
                <Property Name="BatchStgeLoc" Type="Edm.String" MaxLength="4" sap:label="Stor. location" sap:creatable="false" sap:updatable="false" sap:sortable="false" sap:filterable="false"/>
                <Property Name="PurchOrg" Type="Edm.String" MaxLength="4" sap:label="Purchasing org." sap:creatable="false" sap:updatable="false" sap:sortable="false" sap:filterable="false"/>
                <Property Name="PoNumber" Type="Edm.String" MaxLength="10" sap:label="Purchasing doc." sap:creatable="false" sap:updatable="false" sap:sortable="false" sap:filterable="false"/>
                <Property Name="PoItem" Type="Edm.String" MaxLength="5" sap:label="Item" sap:creatable="false" sap:updatable="false" sap:sortable="false" sap:filterable="false"/>
                <Property Name="DelivNoteSalesOrd" Type="Edm.String" MaxLength="10" sap:label="Sales Order" sap:creatable="false" sap:updatable="false" sap:sortable="false" sap:filterable="false"/>
                <Property Name="DelivNoteSOrdItem" Type="Edm.String" MaxLength="6" sap:label="Sales ord. item" sap:creatable="false" sap:updatable="false" sap:sortable="false" sap:filterable="false"/>
                <Property Name="DelivNoteDelivNumb" Type="Edm.String" MaxLength="10" sap:label="Delivery" sap:creatable="false" sap:updatable="false" sap:sortable="false" sap:filterable="false"/>
                <Property Name="DelivNoteDelivItem" Type="Edm.String" MaxLength="6" sap:label="Item" sap:creatable="false" sap:updatable="false" sap:sortable="false" sap:filterable="false"/>
                <Property Name="DelivNoteDelivCategory" Type="Edm.String" MaxLength="3" sap:label="Delivery cat." sap:creatable="false" sap:updatable="false" sap:sortable="false" sap:filterable="false"/>
                <Property Name="DelivNoteRoute" Type="Edm.String" MaxLength="6" sap:label="Route" sap:creatable="false" sap:updatable="false" sap:sortable="false" sap:filterable="false"/>
                <Property Name="DelivNoteDestCountry" Type="Edm.String" MaxLength="3" sap:label="Dest. Country" sap:creatable="false" sap:updatable="false" sap:sortable="false" sap:filterable="false"/>
                <Property Name="DelivNoteDestCountryIso" Type="Edm.String" MaxLength="2" sap:label="ISO code" sap:creatable="false" sap:updatable="false" sap:sortable="false" sap:filterable="false"/>
                <Property Name="DelivNoteSoldTo" Type="Edm.String" MaxLength="10" sap:label="Sold-to party" sap:creatable="false" sap:updatable="false" sap:sortable="false" sap:filterable="false"/>
                <Property Name="DelivNoteSalesorg" Type="Edm.String" MaxLength="4" sap:label="Sales Org." sap:creatable="false" sap:updatable="false" sap:sortable="false" sap:filterable="false"/>
                <Property Name="DelivNoteCustMaterial" Type="Edm.String" MaxLength="35" sap:label="Cust.material" sap:creatable="false" sap:updatable="false" sap:sortable="false" sap:filterable="false"/>
                <Property Name="Langu" Type="Edm.String" MaxLength="2" sap:label="Language" sap:creatable="false" sap:updatable="false" sap:sortable="false" sap:filterable="false"/>
                <Property Name="LanguIso" Type="Edm.String" MaxLength="2" sap:label="Lang. (ISO)" sap:creatable="false" sap:updatable="false" sap:sortable="false" sap:filterable="false"/>
                <Property Name="ShortText" Type="Edm.String" MaxLength="40" sap:label="Short text" sap:creatable="false" sap:updatable="false" sap:sortable="false" sap:filterable="false"/>
                <Property Name="IndInsplotLongText" Type="Edm.String" MaxLength="1" sap:label="Long text" sap:creatable="false" sap:updatable="false" sap:sortable="false" sap:filterable="false"/>
                <Property Name="TxtInspObject" Type="Edm.String" MaxLength="40" sap:label="Obj short text" sap:creatable="false" sap:updatable="false" sap:sortable="false" sap:filterable="false"/>
                <Property Name="NoOfAdditionalInspchar" Type="Edm.Int16" sap:label="Char. recorded" sap:creatable="false" sap:updatable="false" sap:sortable="false" sap:filterable="false"/>
                <Property Name="NoOfOpenShorttermInspchar" Type="Edm.Int16" sap:label="Short-term char" sap:creatable="false" sap:updatable="false" sap:sortable="false" sap:filterable="false"/>
                <Property Name="NoOfOpenLongtermInspchar" Type="Edm.Int16" sap:label="Long-term char." sap:creatable="false" sap:updatable="false" sap:sortable="false" sap:filterable="false"/>
                <Property Name="InsplotSize" Type="Edm.Decimal" Precision="13" Scale="3" sap:label="Insp. Lot Qty" sap:creatable="false" sap:updatable="false" sap:sortable="false" sap:filterable="false"/>
                <Property Name="InsplotBaseUom" Type="Edm.String" MaxLength="3" sap:label="Base unit" sap:creatable="false" sap:updatable="false" sap:sortable="false" sap:filterable="false" sap:semantics="unit-of-measure"/>
                <Property Name="InsplotBaseUomIso" Type="Edm.String" MaxLength="3" sap:label="ISO code" sap:creatable="false" sap:updatable="false" sap:sortable="false" sap:filterable="false"/>
                <Property Name="NoOfContainers" Type="Edm.Decimal" Precision="6" Scale="3" sap:label="No. Containers" sap:creatable="false" sap:updatable="false" sap:sortable="false" sap:filterable="false"/>
                <Property Name="InsplotContainerUom" Type="Edm.String" MaxLength="3" sap:label="Lot container" sap:creatable="false" sap:updatable="false" sap:sortable="false" sap:filterable="false" sap:semantics="unit-of-measure"/>
                <Property Name="InsplotContainerUomIso" Type="Edm.String" MaxLength="3" sap:label="ISO code" sap:creatable="false" sap:updatable="false" sap:sortable="false" sap:filterable="false"/>
                <Property Name="SampleSize" Type="Edm.Decimal" Precision="13" Scale="3" sap:label="Sample size" sap:creatable="false" sap:updatable="false" sap:sortable="false" sap:filterable="false"/>
                <Property Name="SampleBaseUom" Type="Edm.String" MaxLength="3" sap:label="Sample UOM" sap:creatable="false" sap:updatable="false" sap:sortable="false" sap:filterable="false" sap:semantics="unit-of-measure"/>
                <Property Name="SampleBaseUomIso" Type="Edm.String" MaxLength="3" sap:label="ISO code" sap:creatable="false" sap:updatable="false" sap:sortable="false" sap:filterable="false"/>
                <Property Name="SampleQtyLongtermInspchar" Type="Edm.Decimal" Precision="13" Scale="3" sap:label="Long-term qty" sap:creatable="false" sap:updatable="false" sap:sortable="false" sap:filterable="false"/>
                <Property Name="SampleQtyActuallyInspected" Type="Edm.Decimal" Precision="13" Scale="3" sap:label="Inspected qty" sap:creatable="false" sap:updatable="false" sap:sortable="false" sap:filterable="false"/>
                <Property Name="SampleQtyDestroyed" Type="Edm.Decimal" Precision="13" Scale="3" sap:label="Destroyed qty" sap:creatable="false" sap:updatable="false" sap:sortable="false" sap:filterable="false"/>
                <Property Name="SampleQtyDefective" Type="Edm.Decimal" Precision="13" Scale="3" sap:label="Defective qty" sap:creatable="false" sap:updatable="false" sap:sortable="false" sap:filterable="false"/>
                <Property Name="IndUdLogs" Type="Edm.String" MaxLength="1" sap:label="Logs" sap:creatable="false" sap:updatable="false" sap:sortable="false" sap:filterable="false"/>
                <Property Name="InsplotFractionNonconforming" Type="Edm.Double" sap:label="Share of scrap" sap:creatable="false" sap:updatable="false" sap:sortable="false" sap:filterable="false"/>
                <Property Name="QualScoreProcedure" Type="Edm.String" MaxLength="2" sap:label="Q-Score Proc." sap:creatable="false" sap:updatable="false" sap:sortable="false" sap:filterable="false"/>
                <Property Name="AllowedFractionNonconforming" Type="Edm.Double" sap:label="Allowed scrap %" sap:creatable="false" sap:updatable="false" sap:sortable="false" sap:filterable="false"/>
                <Property Name="RefInsplot" Type="Edm.String" MaxLength="12" sap:label="Ref. insp. lot" sap:creatable="false" sap:updatable="false" sap:sortable="false" sap:filterable="false"/>
                <Property Name="Version" Type="Edm.String" MaxLength="4" sap:label="Prod. Version" sap:creatable="false" sap:updatable="false" sap:sortable="false" sap:filterable="false"/>
                <Property Name="SchedLine" Type="Edm.String" MaxLength="4" sap:label="Schedule Line" sap:creatable="false" sap:updatable="false" sap:sortable="false" sap:filterable="false"/>
                <Property Name="MaterialExternal" Type="Edm.String" MaxLength="40" sap:label="Material Number" sap:creatable="false" sap:updatable="false" sap:sortable="false" sap:filterable="false"/>
                <Property Name="MaterialGuid" Type="Edm.String" MaxLength="32" sap:label="GUID (External)" sap:creatable="false" sap:updatable="false" sap:sortable="false" sap:filterable="false"/>
                <Property Name="MaterialVersion" Type="Edm.String" MaxLength="10" sap:label="Version Number" sap:creatable="false" sap:updatable="false" sap:sortable="false" sap:filterable="false"/>
                <Property Name="MpnMaterialExternal" Type="Edm.String" MaxLength="40" sap:label="Material Number" sap:creatable="false" sap:updatable="false" sap:sortable="false" sap:filterable="false"/>
                <Property Name="MpnMaterialGuid" Type="Edm.String" MaxLength="32" sap:label="GUID (External)" sap:creatable="false" sap:updatable="false" sap:sortable="false" sap:filterable="false"/>
                <Property Name="MpnMaterialVersion" Type="Edm.String" MaxLength="10" sap:label="Version Number" sap:creatable="false" sap:updatable="false" sap:sortable="false" sap:filterable="false"/>
                <Property Name="MpnLong" Type="Edm.String" MaxLength="40" sap:label="MPN Material" sap:creatable="false" sap:updatable="false" sap:sortable="false" sap:filterable="false"/>
                <Property Name="MaterialLong" Type="Edm.String" MaxLength="40" sap:label="Material" sap:creatable="false" sap:updatable="false" sap:sortable="false" sap:filterable="false"/>
                <Property Name="IndGrBlocked" Type="Edm.String" MaxLength="1" sap:label="GR blocked stck" sap:creatable="false" sap:updatable="false" sap:sortable="false" sap:filterable="false"/>
                <Property Name="IndQualInspection" Type="Edm.String" MaxLength="1" sap:label="Insp. stock" sap:creatable="false" sap:updatable="false" sap:sortable="false" sap:filterable="false"/>
                <Property Name="StockPlant" Type="Edm.String" MaxLength="4" sap:label="Plant for stock" sap:creatable="false" sap:updatable="false" sap:sortable="false" sap:filterable="false"/>
                <Property Name="StockStgeLoc" Type="Edm.String" MaxLength="4" sap:label="StLoc.ILotStock" sap:creatable="false" sap:updatable="false" sap:sortable="false" sap:filterable="false"/>
                <Property Name="SpecStock" Type="Edm.String" MaxLength="1" sap:label="Special Stock" sap:creatable="false" sap:updatable="false" sap:sortable="false" sap:filterable="false"/>
                <Property Name="WbsElem" Type="Edm.String" MaxLength="24" sap:label="WBS Element" sap:creatable="false" sap:updatable="false" sap:sortable="false" sap:filterable="false"/>
                <Property Name="WbsElementExt" Type="Edm.String" MaxLength="24" sap:label="WBS element" sap:creatable="false" sap:updatable="false" sap:sortable="false" sap:filterable="false"/>
                <Property Name="SalesOrd" Type="Edm.String" MaxLength="10" sap:label="Sales order" sap:creatable="false" sap:updatable="false" sap:sortable="false" sap:filterable="false"/>
                <Property Name="SOrdItem" Type="Edm.String" MaxLength="6" sap:label="Sales ord. item" sap:creatable="false" sap:updatable="false" sap:sortable="false" sap:filterable="false"/>
                <Property Name="SampleWhseSize" Type="Edm.Decimal" Precision="13" Scale="3" sap:label="In.samp.(StkUn)" sap:creatable="false" sap:updatable="false" sap:sortable="false" sap:filterable="false"/>
                <Property Name="SampleWhseNo" Type="Edm.String" MaxLength="3" sap:label="Warehouse No." sap:creatable="false" sap:updatable="false" sap:sortable="false" sap:filterable="false"/>
                <Property Name="SampleStgeType" Type="Edm.String" MaxLength="3" sap:label="Storage Type" sap:creatable="false" sap:updatable="false" sap:sortable="false" sap:filterable="false"/>
                <Property Name="SampleStgeBin" Type="Edm.String" MaxLength="10" sap:label="Storage Bin" sap:creatable="false" sap:updatable="false" sap:sortable="false" sap:filterable="false"/>
                <Property Name="QuantityUom" Type="Edm.String" MaxLength="3" sap:label="Base unit" sap:creatable="false" sap:updatable="false" sap:sortable="false" sap:filterable="false" sap:semantics="unit-of-measure"/>
                <Property Name="QuantityUomIso" Type="Edm.String" MaxLength="3" sap:label="ISO code" sap:creatable="false" sap:updatable="false" sap:sortable="false" sap:filterable="false"/>
                <Property Name="QuantityAvailable" Type="Edm.Decimal" Precision="13" Scale="3" sap:label="Unrestr. Stck" sap:creatable="false" sap:updatable="false" sap:sortable="false" sap:filterable="false"/>
                <Property Name="QuantityScrap" Type="Edm.Decimal" Precision="13" Scale="3" sap:label="Scrap quantity" sap:creatable="false" sap:updatable="false" sap:sortable="false" sap:filterable="false"/>
                <Property Name="QuantitySample" Type="Edm.Decimal" Precision="13" Scale="3" sap:label="Sample" sap:creatable="false" sap:updatable="false" sap:sortable="false" sap:filterable="false"/>
                <Property Name="QuantityBlocked" Type="Edm.Decimal" Precision="13" Scale="3" sap:label="Blocked" sap:creatable="false" sap:updatable="false" sap:sortable="false" sap:filterable="false"/>
                <Property Name="QuantityReserves" Type="Edm.Decimal" Precision="13" Scale="3" sap:label="Reserves" sap:creatable="false" sap:updatable="false" sap:sortable="false" sap:filterable="false"/>
                <Property Name="QuantityNewMaterial" Type="Edm.Decimal" Precision="13" Scale="3" sap:label="New material" sap:creatable="false" sap:updatable="false" sap:sortable="false" sap:filterable="false"/>
                <Property Name="NewMaterial" Type="Edm.String" MaxLength="18" sap:label="Material" sap:creatable="false" sap:updatable="false" sap:sortable="false" sap:filterable="false"/>
                <Property Name="NewBatch" Type="Edm.String" MaxLength="10" sap:label="Batch" sap:creatable="false" sap:updatable="false" sap:sortable="false" sap:filterable="false"/>
                <Property Name="QuantityReturnedToVendor" Type="Edm.Decimal" Precision="13" Scale="3" sap:label="Return to vend." sap:creatable="false" sap:updatable="false" sap:sortable="false" sap:filterable="false"/>
                <Property Name="QuantityOther" Type="Edm.Decimal" Precision="13" Scale="3" sap:label="Other quantity" sap:creatable="false" sap:updatable="false" sap:sortable="false" sap:filterable="false"/>
                <Property Name="QuantityToBePosted" Type="Edm.Decimal" Precision="13" Scale="3" sap:label="Postings" sap:creatable="false" sap:updatable="false" sap:sortable="false" sap:filterable="false"/>
                <Property Name="QuantityActual" Type="Edm.Decimal" Precision="13" Scale="3" sap:label="Actual lot qty" sap:creatable="false" sap:updatable="false" sap:sortable="false" sap:filterable="false"/>
                <Property Name="NewMaterialExternal" Type="Edm.String" MaxLength="40" sap:label="Material Number" sap:creatable="false" sap:updatable="false" sap:sortable="false" sap:filterable="false"/>
                <Property Name="NewMaterialGuid" Type="Edm.String" MaxLength="32" sap:label="GUID (External)" sap:creatable="false" sap:updatable="false" sap:sortable="false" sap:filterable="false"/>
                <Property Name="NewMaterialVersion" Type="Edm.String" MaxLength="10" sap:label="Version Number" sap:creatable="false" sap:updatable="false" sap:sortable="false" sap:filterable="false"/>
                <Property Name="NewMaterialLong" Type="Edm.String" MaxLength="40" sap:label="Material" sap:creatable="false" sap:updatable="false" sap:sortable="false" sap:filterable="false"/>
                <Property Name="TaskListType" Type="Edm.String" MaxLength="1" sap:label="Task List Type" sap:creatable="false" sap:updatable="false" sap:sortable="false" sap:filterable="false"/>
                <Property Name="TaskListNumber" Type="Edm.String" MaxLength="8" sap:label="Group" sap:creatable="false" sap:updatable="false" sap:sortable="false" sap:filterable="false"/>
                <Property Name="TaskListUsage" Type="Edm.String" MaxLength="3" sap:label="Usage" sap:creatable="false" sap:updatable="false" sap:sortable="false" sap:filterable="false"/>
                <Property Name="TaskListCounter" Type="Edm.String" MaxLength="2" sap:label="Group Counter" sap:creatable="false" sap:updatable="false" sap:sortable="false" sap:filterable="false"/>
                <Property Name="TaskListValidFromDate" Type="Edm.DateTime" Precision="7" sap:label="Valid From" sap:creatable="false" sap:updatable="false" sap:sortable="false" sap:filterable="false"/>
                <Property Name="MatTlAssgnmtValidFromDate" Type="Edm.DateTime" Precision="7" sap:label="Valid From" sap:creatable="false" sap:updatable="false" sap:sortable="false" sap:filterable="false"/>
                <Property Name="SpecSelMaterial" Type="Edm.String" MaxLength="18" sap:label="Material" sap:creatable="false" sap:updatable="false" sap:sortable="false" sap:filterable="false"/>
                <Property Name="SpecSelRevLev" Type="Edm.String" MaxLength="2" sap:label="Revision level" sap:creatable="false" sap:updatable="false" sap:sortable="false" sap:filterable="false"/>
                <Property Name="SpecSelPlant" Type="Edm.String" MaxLength="4" sap:label="Plant" sap:creatable="false" sap:updatable="false" sap:sortable="false" sap:filterable="false"/>
                <Property Name="SpecSelVendor" Type="Edm.String" MaxLength="10" sap:label="Vendor" sap:creatable="false" sap:updatable="false" sap:sortable="false" sap:filterable="false"/>
                <Property Name="SpecSelManufacturer" Type="Edm.String" MaxLength="10" sap:label="Manufacturer" sap:creatable="false" sap:updatable="false" sap:sortable="false" sap:filterable="false"/>
                <Property Name="SpecSelCustomer" Type="Edm.String" MaxLength="10" sap:label="Customer" sap:creatable="false" sap:updatable="false" sap:sortable="false" sap:filterable="false"/>
                <Property Name="SpecSelTaskListUsage" Type="Edm.String" MaxLength="3" sap:label="Usage" sap:creatable="false" sap:updatable="false" sap:sortable="false" sap:filterable="false"/>
                <Property Name="SpecSelTlValidFromDate" Type="Edm.DateTime" Precision="7" sap:label="Valid From" sap:creatable="false" sap:updatable="false" sap:sortable="false" sap:filterable="false"/>
                <Property Name="SpecSelMaterialExternal" Type="Edm.String" MaxLength="40" sap:label="Material Number" sap:creatable="false" sap:updatable="false" sap:sortable="false" sap:filterable="false"/>
                <Property Name="SpecSelMaterialGuid" Type="Edm.String" MaxLength="32" sap:label="GUID (External)" sap:creatable="false" sap:updatable="false" sap:sortable="false" sap:filterable="false"/>
                <Property Name="SpecSelMaterialVersion" Type="Edm.String" MaxLength="10" sap:label="Version Number" sap:creatable="false" sap:updatable="false" sap:sortable="false" sap:filterable="false"/>
                <Property Name="SpecSelMaterialLong" Type="Edm.String" MaxLength="40" sap:label="Material" sap:creatable="false" sap:updatable="false" sap:sortable="false" sap:filterable="false"/>
                <Property Name="UdMode" Type="Edm.String" MaxLength="1" sap:label="UD mode" sap:creatable="false" sap:updatable="false" sap:sortable="false" sap:filterable="false"/>
                <Property Name="UdCatalogType" Type="Edm.String" MaxLength="1" sap:label="Catalog" sap:creatable="false" sap:updatable="false" sap:sortable="false" sap:filterable="false"/>
                <Property Name="UdPlant" Type="Edm.String" MaxLength="4" sap:label="Plant" sap:creatable="false" sap:updatable="false" sap:sortable="false" sap:filterable="false"/>
                <Property Name="UdSelectedSet" Type="Edm.String" MaxLength="8" sap:label="UD selected set" sap:creatable="false" sap:updatable="false" sap:sortable="false" sap:filterable="false"/>
                <Property Name="UdCodeGroup" Type="Edm.String" MaxLength="8" sap:label="UD code group" sap:creatable="false" sap:updatable="false" sap:sortable="false" sap:filterable="false"/>
                <Property Name="UdCode" Type="Edm.String" MaxLength="4" sap:label="UD code" sap:creatable="false" sap:updatable="false" sap:sortable="false" sap:filterable="false"/>
                <Property Name="CodeValuation" Type="Edm.String" MaxLength="1" sap:label="Valuation Code" sap:creatable="false" sap:updatable="false" sap:sortable="false" sap:filterable="false"/>
                <Property Name="DynModifValuation" Type="Edm.String" MaxLength="1" sap:label="DynModValuation" sap:creatable="false" sap:updatable="false" sap:sortable="false" sap:filterable="false"/>
                <Property Name="FollowUpAction" Type="Edm.String" MaxLength="8" sap:label="Follow-up actn" sap:creatable="false" sap:updatable="false" sap:sortable="false" sap:filterable="false"/>
                <Property Name="QualityScore" Type="Edm.Decimal" Precision="3" Scale="0" sap:label="Quality score" sap:creatable="false" sap:updatable="false" sap:sortable="false" sap:filterable="false"/>
                <Property Name="IndUdLongText" Type="Edm.String" MaxLength="1" sap:label="Long text" sap:creatable="false" sap:updatable="false" sap:sortable="false" sap:filterable="false"/>
                <Property Name="UdRecordedByUser" Type="Edm.String" MaxLength="12" sap:label="UsgDec. made by" sap:creatable="false" sap:updatable="false" sap:sortable="false" sap:filterable="false"/>
                <Property Name="UdRecordedOnDate" Type="Edm.DateTime" Precision="7" sap:label="UD Code Date" sap:creatable="false" sap:updatable="false" sap:sortable="false" sap:filterable="false"/>
                <Property Name="UdRecordedAtTime" Type="Edm.Time" Precision="0" sap:label="Time" sap:creatable="false" sap:updatable="false" sap:sortable="false" sap:filterable="false"/>
                <Property Name="UdChangedByUser" Type="Edm.String" MaxLength="12" sap:label="UsgDec. chgd by" sap:creatable="false" sap:updatable="false" sap:sortable="false" sap:filterable="false"/>
                <Property Name="UdChangedOnDate" Type="Edm.DateTime" Precision="7" sap:label="Date of UD" sap:creatable="false" sap:updatable="false" sap:sortable="false" sap:filterable="false"/>
                <Property Name="UdChangedAtTime" Type="Edm.Time" Precision="0" sap:label="Time" sap:creatable="false" sap:updatable="false" sap:sortable="false" sap:filterable="false"/>
            </EntityType>
            <EntityType Name="ZHP_INCEP_OPERATION_LIST" sap:content-version="1">
                <Key>
                    <PropertyRef Name="LotNumber"/>
                </Key>
                <Property Name="LotNumber" Type="Edm.String" Nullable="false" MaxLength="12" sap:label="Inspection lot" sap:creatable="false" sap:updatable="false" sap:sortable="false" sap:filterable="false"/>
                <Property Name="Insplot" Type="Edm.String" MaxLength="12" sap:label="Inspection lot" sap:creatable="false" sap:updatable="false" sap:sortable="false" sap:filterable="false"/>
                <Property Name="Inspoper" Type="Edm.String" MaxLength="4" sap:label="Operation" sap:creatable="false" sap:updatable="false" sap:sortable="false" sap:filterable="false"/>
                <Property Name="Plant" Type="Edm.String" MaxLength="4" sap:label="Plant" sap:creatable="false" sap:updatable="false" sap:sortable="false" sap:filterable="false"/>
                <Property Name="TxtOper" Type="Edm.String" MaxLength="40" sap:label="Short text" sap:creatable="false" sap:updatable="false" sap:sortable="false" sap:filterable="false"/>
                <Property Name="Workcenter" Type="Edm.String" MaxLength="8" sap:label="Work center" sap:creatable="false" sap:updatable="false" sap:sortable="false" sap:filterable="false"/>
                <Property Name="PlntWorkc" Type="Edm.String" MaxLength="4" sap:label="Plant" sap:creatable="false" sap:updatable="false" sap:sortable="false" sap:filterable="false"/>
                <Property Name="TxtWorkc" Type="Edm.String" MaxLength="40" sap:label="Short text" sap:creatable="false" sap:updatable="false" sap:sortable="false" sap:filterable="false"/>
                <Property Name="IdiSubsys" Type="Edm.String" MaxLength="6" sap:label="QDR system" sap:creatable="false" sap:updatable="false" sap:sortable="false" sap:filterable="false"/>
            </EntityType>
            <EntityType Name="ZHP_SYSTEM_STATUS" sap:content-version="1">
                <Key>
                    <PropertyRef Name="SysStatus"/>
                </Key>
                <Property Name="LotNumber" Type="Edm.String" MaxLength="12" sap:label="Inspection Lot" sap:creatable="false" sap:updatable="false" sap:sortable="false" sap:filterable="false"/>
                <Property Name="SysStatus" Type="Edm.String" Nullable="false" MaxLength="5" sap:label="System status" sap:creatable="false" sap:updatable="false" sap:sortable="false" sap:filterable="false"/>
                <Property Name="SyStText" Type="Edm.String" MaxLength="4" sap:label="System status" sap:creatable="false" sap:updatable="false" sap:sortable="false" sap:filterable="false"/>
                <Property Name="SyStDscr" Type="Edm.String" MaxLength="30" sap:label="System status" sap:creatable="false" sap:updatable="false" sap:sortable="false" sap:filterable="false"/>
            </EntityType>
            <EntityType Name="ZHP_INCEPTION_LOT_LIST" sap:content-version="1">
                <Key>
                    <PropertyRef Name="Insplot"/>
                </Key>
                <Property Name="Plant" Type="Edm.String" MaxLength="4" sap:label="Plant" sap:creatable="false" sap:updatable="false" sap:sortable="false" sap:filterable="false"/>
                <Property Name="Insplot" Type="Edm.String" Nullable="false" MaxLength="12" sap:label="Inspection lot" sap:creatable="false" sap:updatable="false" sap:sortable="false" sap:filterable="false"/>
                <Property Name="Partiallot" Type="Edm.String" MaxLength="1" sap:label="Partial lots" sap:creatable="false" sap:updatable="false" sap:sortable="false" sap:filterable="false"/>
                <Property Name="Insppoints" Type="Edm.String" MaxLength="1" sap:label="Prod. insp." sap:creatable="false" sap:updatable="false" sap:sortable="false" sap:filterable="false"/>
                <Property Name="Skiplot" Type="Edm.String" MaxLength="1" sap:label="Skip" sap:creatable="false" sap:updatable="false" sap:sortable="false" sap:filterable="false"/>
                <Property Name="CreatDat" Type="Edm.DateTime" Precision="7" sap:label="Created on" sap:creatable="false" sap:updatable="false" sap:sortable="false" sap:filterable="false"/>
                <Property Name="OrderNo" Type="Edm.String" MaxLength="12" sap:label="Order" sap:creatable="false" sap:updatable="false" sap:sortable="false" sap:filterable="false"/>
                <Property Name="Customer" Type="Edm.String" MaxLength="10" sap:label="Customer" sap:creatable="false" sap:updatable="false" sap:sortable="false" sap:filterable="false"/>
                <Property Name="Vendor" Type="Edm.String" MaxLength="10" sap:label="Vendor" sap:creatable="false" sap:updatable="false" sap:sortable="false" sap:filterable="false"/>
                <Property Name="Material" Type="Edm.String" MaxLength="18" sap:label="Material" sap:creatable="false" sap:updatable="false" sap:sortable="false" sap:filterable="false"/>
                <Property Name="Batch" Type="Edm.String" MaxLength="10" sap:label="Batch" sap:creatable="false" sap:updatable="false" sap:sortable="false" sap:filterable="false"/>
                <Property Name="TxtLot" Type="Edm.String" MaxLength="40" sap:label="Short text" sap:creatable="false" sap:updatable="false" sap:sortable="false" sap:filterable="false"/>
                <Property Name="TxtMat" Type="Edm.String" MaxLength="40" sap:label="Mat. descrip." sap:creatable="false" sap:updatable="false" sap:sortable="false" sap:filterable="false"/>
                <Property Name="PoNumber" Type="Edm.String" MaxLength="10" sap:label="Purchasing doc." sap:creatable="false" sap:updatable="false" sap:sortable="false" sap:filterable="false"/>
                <Property Name="PoItem" Type="Edm.String" MaxLength="5" sap:label="Item" sap:creatable="false" sap:updatable="false" sap:sortable="false" sap:filterable="false"/>
                <Property Name="MatDoc" Type="Edm.String" MaxLength="10" sap:label="Material Doc." sap:creatable="false" sap:updatable="false" sap:sortable="false" sap:filterable="false"/>
                <Property Name="MatdocItm" Type="Edm.String" MaxLength="4" sap:label="Mat. Doc.Item" sap:creatable="false" sap:updatable="false" sap:sortable="false" sap:filterable="false"/>
                <Property Name="DocYear" Type="Edm.String" MaxLength="4" sap:label="Mat. Doc. Year" sap:creatable="false" sap:updatable="false" sap:sortable="false" sap:filterable="false"/>
                <Property Name="DelivNumb" Type="Edm.String" MaxLength="10" sap:label="Delivery" sap:creatable="false" sap:updatable="false" sap:sortable="false" sap:filterable="false"/>
                <Property Name="DelivItem" Type="Edm.String" MaxLength="6" sap:label="Item" sap:creatable="false" sap:updatable="false" sap:sortable="false" sap:filterable="false"/>
                <Property Name="MaterialExternal" Type="Edm.String" MaxLength="40" sap:label="Material Number" sap:creatable="false" sap:updatable="false" sap:sortable="false" sap:filterable="false"/>
                <Property Name="MaterialGuid" Type="Edm.String" MaxLength="32" sap:label="GUID (External)" sap:creatable="false" sap:updatable="false" sap:sortable="false" sap:filterable="false"/>
                <Property Name="MaterialVersion" Type="Edm.String" MaxLength="10" sap:label="Version Number" sap:creatable="false" sap:updatable="false" sap:sortable="false" sap:filterable="false"/>
                <Property Name="MaterialLong" Type="Edm.String" MaxLength="40" sap:label="Material" sap:creatable="false" sap:updatable="false" sap:sortable="false" sap:filterable="false"/>
                <Property Name="UdStatus" Type="Edm.String" MaxLength="15" sap:label="Char15" sap:creatable="false" sap:updatable="false" sap:sortable="false" sap:filterable="false"/>
            </EntityType>
            <EntityContainer Name="ZQM_ODATA_HP_SRV_Entities" m:IsDefaultEntityContainer="true" sap:supported-formats="atom json xlsx">
                <EntitySet Name="ZHP_INCEP_RESULT_RECSet" EntityType="ZQM_ODATA_HP_SRV.ZHP_INCEP_RESULT_REC" sap:creatable="false" sap:updatable="false" sap:deletable="false" sap:pageable="false" sap:content-version="1"/>
                <EntitySet Name="ZHP_INCEP_QUALITYSet" EntityType="ZQM_ODATA_HP_SRV.ZHP_INCEP_QUALITY" sap:creatable="false" sap:updatable="false" sap:deletable="false" sap:pageable="false" sap:content-version="1"/>
                <EntitySet Name="ZHP_INCEPTION_LOT_DETAILSet" EntityType="ZQM_ODATA_HP_SRV.ZHP_INCEPTION_LOT_DETAIL" sap:creatable="false" sap:updatable="false" sap:deletable="false" sap:pageable="false" sap:content-version="1"/>
                <EntitySet Name="ZHP_INCEP_OPERATION_LISTSet" EntityType="ZQM_ODATA_HP_SRV.ZHP_INCEP_OPERATION_LIST" sap:creatable="false" sap:updatable="false" sap:deletable="false" sap:pageable="false" sap:content-version="1"/>
                <EntitySet Name="ZHP_SYSTEM_STATUSSet" EntityType="ZQM_ODATA_HP_SRV.ZHP_SYSTEM_STATUS" sap:creatable="false" sap:updatable="false" sap:deletable="false" sap:pageable="false" sap:content-version="1"/>
                <EntitySet Name="ZHP_INCEPTION_LOT_LISTSet" EntityType="ZQM_ODATA_HP_SRV.ZHP_INCEPTION_LOT_LIST" sap:creatable="false" sap:updatable="false" sap:deletable="false" sap:pageable="false" sap:content-version="1"/>
            </EntityContainer>
            <atom:link
                xmlns:atom="http://www.w3.org/2005/Atom" rel="self" href="./sap/ZQM_ODATA_HP_SRV/$metadata"/>
                <atom:link
                    xmlns:atom="http://www.w3.org/2005/Atom" rel="latest-version" href="./sap/ZQM_ODATA_HP_SRV/$metadata"/>
                </Schema>
            </edmx:DataServices>
        </edmx:Edmx>