<edmx:Edmx
    xmlns:edmx="http://schemas.microsoft.com/ado/2007/06/edmx"
    xmlns:m="http://schemas.microsoft.com/ado/2007/08/dataservices/metadata"
    xmlns:sap="http://www.sap.com/Protocols/SAPData" Version="1.0">
    <edmx:DataServices m:DataServiceVersion="2.0">
        <Schema
            xmlns="http://schemas.microsoft.com/ado/2008/09/edm" Namespace="ZHP_ODATA_TRAIN_SRV" xml:lang="en" sap:schema-version="1">
            <EntityType Name="Customer_Demo" sap:content-version="1">
                <Key>
                    <PropertyRef Name="ZID"/>
                </Key>
                <Property Name="NAME" Type="Edm.String" Nullable="false" sap:label="CUS_NAME" sap:creatable="false" sap:updatable="false" sap:sortable="false" sap:filterable="false"/>
                <Property Name="ZID" Type="Edm.String" Nullable="false" sap:label="CUS_ID" sap:creatable="false" sap:updatable="false" sap:sortable="false" sap:filterable="false"/>
            </EntityType>
            <EntityType Name="Customer_detail" sap:content-version="1">
                <Key>
                    <PropertyRef Name="CusId"/>
                </Key>
                <Property Name="Mandt" Type="Edm.String" Nullable="false" MaxLength="3" sap:label="Client" sap:creatable="false" sap:updatable="false" sap:sortable="false" sap:filterable="false"/>
                <Property Name="CusId" Type="Edm.String" Nullable="false" MaxLength="19" sap:label="CUS_ID" sap:creatable="false" sap:updatable="false" sap:sortable="false" sap:filterable="false"/>
                <Property Name="CusName" Type="Edm.String" Nullable="false" MaxLength="20" sap:label="CUS_NAME" sap:creatable="false" sap:updatable="false" sap:sortable="false" sap:filterable="false"/>
                <Property Name="MobName" Type="Edm.String" Nullable="false" MaxLength="20" sap:label="Mobile Name" sap:creatable="false" sap:updatable="false" sap:sortable="false" sap:filterable="false"/>
                <NavigationProperty Name="ZCustoServiceNav" Relationship="ZHP_ODATA_TRAIN_SRV.ZCustoService" FromRole="FromRole_ZCustoService" ToRole="ToRole_ZCustoService"/>
            </EntityType>
            <EntityType Name="Service_Detail" sap:content-version="1">
                <Key>
                    <PropertyRef Name="SerNo"/>
                </Key>
                <Property Name="Mandt" Type="Edm.String" Nullable="false" MaxLength="3" sap:label="Client" sap:creatable="false" sap:updatable="false" sap:sortable="false" sap:filterable="false"/>
                <Property Name="SerNo" Type="Edm.String" Nullable="false" MaxLength="10" sap:label="ZID" sap:creatable="false" sap:updatable="false" sap:sortable="false" sap:filterable="false"/>
                <Property Name="CusId" Type="Edm.String" Nullable="false" MaxLength="10" sap:label="ZID" sap:creatable="false" sap:updatable="false" sap:sortable="false" sap:filterable="false"/>
                <Property Name="SerTyp" Type="Edm.String" Nullable="false" MaxLength="20" sap:label="NAME" sap:creatable="false" sap:updatable="false" sap:sortable="false" sap:filterable="false"/>
                <Property Name="Name" Type="Edm.String" Nullable="false" MaxLength="20" sap:label="NAME" sap:creatable="false" sap:updatable="false" sap:sortable="false" sap:filterable="false"/>
                <Property Name="MobName" Type="Edm.String" Nullable="false" MaxLength="20" sap:label="Mobile Name" sap:creatable="false" sap:updatable="false" sap:sortable="false" sap:filterable="false"/>
            </EntityType>
            <Association Name="ZCustoService" sap:content-version="1">
                <End Type="ZHP_ODATA_TRAIN_SRV.Customer_detail" Multiplicity="*" Role="FromRole_ZCustoService"/>
                <End Type="ZHP_ODATA_TRAIN_SRV.Service_Detail" Multiplicity="*" Role="ToRole_ZCustoService"/>
                <ReferentialConstraint>
                    <Principal Role="FromRole_ZCustoService">
                        <PropertyRef Name="CusId"/>
                    </Principal>
                    <Dependent Role="ToRole_ZCustoService">
                        <PropertyRef Name="CusId"/>
                    </Dependent>
                </ReferentialConstraint>
            </Association>
            <EntityContainer Name="ZHP_ODATA_TRAIN_SRV_Entities" m:IsDefaultEntityContainer="true" sap:supported-formats="atom json xlsx">
                <EntitySet Name="Customer_DemoSet" EntityType="ZHP_ODATA_TRAIN_SRV.Customer_Demo" sap:creatable="false" sap:updatable="false" sap:deletable="false" sap:pageable="false" sap:addressable="false" sap:content-version="1"/>
                <EntitySet Name="Customer_detailSet" EntityType="ZHP_ODATA_TRAIN_SRV.Customer_detail" sap:creatable="false" sap:updatable="false" sap:deletable="false" sap:pageable="false" sap:content-version="1"/>
                <EntitySet Name="Service_DetailSet" EntityType="ZHP_ODATA_TRAIN_SRV.Service_Detail" sap:creatable="false" sap:updatable="false" sap:deletable="false" sap:pageable="false" sap:content-version="1"/>
                <AssociationSet Name="ZCustoServiceSet" Association="ZHP_ODATA_TRAIN_SRV.ZCustoService" sap:creatable="false" sap:updatable="false" sap:deletable="false" sap:content-version="1">
                    <End EntitySet="Customer_detailSet" Role="FromRole_ZCustoService"/>
                    <End EntitySet="Service_DetailSet" Role="ToRole_ZCustoService"/>
                </AssociationSet>
            </EntityContainer>
            <atom:link
                xmlns:atom="http://www.w3.org/2005/Atom" rel="self" href="./sap/ZHP_ODATA_TRAIN_SRV/$metadata"/>
                <atom:link
                    xmlns:atom="http://www.w3.org/2005/Atom" rel="latest-version" href="./sap/ZHP_ODATA_TRAIN_SRV/$metadata"/>
                </Schema>
            </edmx:DataServices>
        </edmx:Edmx>